{
  "type": "FeatureCollection",
  "features": [
    {
      "type": "Feature",
      "properties": {
        "highway": "tertiary"
      },
      "geometry": {
        "type": "LineString",
        "coordinates": [
          [
            77.58,
            13.13065694661172
          ],
          [
            77.5802162,
            13.1306517
          ],
          [
            77.580391,
            13.1306868
          ]
        ]
      }
    },
    {
      "type": "Feature",
      "properties": {
        "highway": "unclassified"
      },
      "geometry": {
        "type": "LineString",
        "coordinates": [
          [
            77.58085898150554,
            13.119
          ],
          [
            77.5812162,
            13.1191413
          ],
          [
            77.5813374,
            13.1191631
          ],
          [
            77.5824578,
            13.119173
          ],
          [
            77.582807,
            13.1191748
          ],
          [
            77.583118,
            13.1191759
          ],
          [
            77.5832202,
            13.1191824
          ]
        ]
      }
    },
    {
      "type": "Feature",
      "properties": {
        "highway": "residential"
      },
      "geometry": {
        "type": "LineString",
        "coordinates": [
          [
            77.580391,
            13.1306868
          ],
          [
            77.5803879,
            13.1304767
          ],
          [
            77.5803476,
            13.1299529
          ],
          [
            77.5803141,
            13.129724
          ],
          [
            77.5802264,
            13.1295135
          ],
          [
            77.5801062,
            13.1292252
          ],
          [
            77.5801005,
            13.1292114
          ],
          [
            77.58,
            13.128970219271336
          ]
        ]
      }
    },
    {
      "type": "Feature",
      "properties": {
        "highway": "service"
      },
      "geometry": {
        "type": "LineString",
        "coordinates": [
          [
            77.595,
            13.129651576046026
          ],
          [
            77.5946881,
            13.1296643
          ],
          [
            77.5941997,
            13.1296768
          ],
          [
            77.5940647,
            13.1299209
          ],
          [
            77.5937466,
            13.1299053
          ],
          [
            77.5932453,
            13.1298114
          ],
          [
            77.5930943,
            13.1297676
          ],
          [
            77.5930108,
            13.129705
          ],
          [
            77.5926155,
            13.1296205
          ],
          [
            77.5912531,
            13.1293514
          ],
          [
            77.5910924,
            13.1293576
          ],
          [
            77.5904386,
            13.1305223
          ],
          [
            77.590406,
            13.1306568
          ],
          [
            77.5904628,
            13.1308295
          ],
          [
            77.5904799,
            13.1309631
          ],
          [
            77.59045629463571,
            13.131
          ]
        ]
      }
    },
    {
      "type": "Feature",
      "properties": {
        "highway": "residential"
      },
      "geometry": {
        "type": "LineString",
        "coordinates": [
          [
            77.580391,
            13.1306868
          ],
          [
            77.5805692,
            13.1305474
          ],
          [
            77.5806279,
            13.1305092
          ],
          [
            77.5806927,
            13.130467
          ],
          [
            77.5807318,
            13.1303199
          ],
          [
            77.5807973,
            13.1300731
          ],
          [
            77.5808547,
            13.1298968
          ],
          [
            77.5808881,
            13.1297943
          ],
          [
            77.5809097,
            13.1297199
          ],
          [
            77.5809764,
            13.1294903
          ],
          [
            77.5810022,
            13.1294017
          ],
          [
            77.5810409,
            13.1292684
          ],
          [
            77.581083,
            13.1289614
          ]
        ]
      }
    },
    {
      "type": "Feature",
      "properties": {
        "highway": "residential"
      },
      "geometry": {
        "type": "LineString",
        "coordinates": [
          [
            77.5842347,
            13.1305095
          ],
          [
            77.5838519,
            13.1304788
          ],
          [
            77.5830214,
            13.1304121
          ],
          [
            77.5830538,
            13.1300077
          ]
        ]
      }
    },
    {
      "type": "Feature",
      "properties": {
        "highway": "residential"
      },
      "geometry": {
        "type": "LineString",
        "coordinates": [
          [
            77.5802264,
            13.1295135
          ],
          [
            77.5809764,
            13.1294903
          ]
        ]
      }
    },
    {
      "type": "Feature",
      "properties": {
        "highway": "residential"
      },
      "geometry": {
        "type": "LineString",
        "coordinates": [
          [
            77.5807318,
            13.1303199
          ],
          [
            77.5814413,
            13.1303334
          ]
        ]
      }
    },
    {
      "type": "Feature",
      "properties": {
        "highway": "residential"
      },
      "geometry": {
        "type": "LineString",
        "coordinates": [
          [
            77.5803141,
            13.129724
          ],
          [
            77.5809097,
            13.1297199
          ]
        ]
      }
    },
    {
      "type": "Feature",
      "properties": {
        "highway": "residential"
      },
      "geometry": {
        "type": "LineString",
        "coordinates": [
          [
            77.5801062,
            13.1292252
          ],
          [
            77.5810409,
            13.1292684
          ]
        ]
      }
    },
    {
      "type": "Feature",
      "properties": {
        "highway": "residential"
      },
      "geometry": {
        "type": "LineString",
        "coordinates": [
          [
            77.5805692,
            13.1305474
          ],
          [
            77.5808492,
            13.1305604
          ],
          [
            77.5808765,
            13.130494
          ]
        ]
      }
    },
    {
      "type": "Feature",
      "properties": {
        "highway": "residential"
      },
      "geometry": {
        "type": "LineString",
        "coordinates": [
          [
            77.5801005,
            13.1292114
          ],
          [
            77.58,
            13.129232148903947
          ]
        ]
      }
    },
    {
      "type": "Feature",
      "properties": {
        "highway": "residential"
      },
      "geometry": {
        "type": "LineString",
        "coordinates": [
          [
            77.5830214,
            13.1304121
          ],
          [
            77.5830009,
            13.1308104
          ],
          [
            77.5827919,
            13.1308259
          ],
          [
            77.5825684,
            13.1307916
          ]
        ]
      }
    },
    {
      "type": "Feature",
      "properties": {
        "highway": "residential"
      },
      "geometry": {
        "type": "LineString",
        "coordinates": [
          [
            77.58082942677652,
            13.131
          ],
          [
            77.5808399,
            13.1309785
          ],
          [
            77.5812764,
            13.1309742
          ],
          [
            77.5813302,
            13.1309548
          ],
          [
            77.5816245,
            13.1309299
          ],
          [
            77.5816639,
            13.1308489
          ],
          [
            77.5823694,
            13.1307847
          ],
          [
            77.5825684,
            13.1307916
          ]
        ]
      }
    },
    {
      "type": "Feature",
      "properties": {
        "highway": "residential"
      },
      "geometry": {
        "type": "LineString",
        "coordinates": [
          [
            77.5810022,
            13.1294017
          ],
          [
            77.5818535,
            13.1294009
          ],
          [
            77.5822443,
            13.1293987
          ],
          [
            77.5830146,
            13.1293589
          ],
          [
            77.5835008,
            13.1293323
          ],
          [
            77.5838075,
            13.1293212
          ],
          [
            77.5842665,
            13.1293345
          ],
          [
            77.5846215,
            13.1293382
          ]
        ]
      }
    },
    {
      "type": "Feature",
      "properties": {
        "highway": "residential"
      },
      "geometry": {
        "type": "LineString",
        "coordinates": [
          [
            77.585163,
            13.130595
          ],
          [
            77.58513060368139,
            13.131
          ]
        ]
      }
    },
    {
      "type": "Feature",
      "properties": {
        "highway": "residential"
      },
      "geometry": {
        "type": "LineString",
        "coordinates": [
          [
            77.586117,
            13.1306047
          ],
          [
            77.58602093512039,
            13.131
          ]
        ]
      }
    },
    {
      "type": "Feature",
      "properties": {
        "highway": "residential"
      },
      "geometry": {
        "type": "LineString",
        "coordinates": [
          [
            77.5864148,
            13.1306204
          ],
          [
            77.5863236928393,
            13.131
          ]
        ]
      }
    },
    {
      "type": "Feature",
      "properties": {
        "highway": "residential"
      },
      "geometry": {
        "type": "LineString",
        "coordinates": [
          [
            77.5860674,
            13.1300091
          ],
          [
            77.58574056841681,
            13.131
          ]
        ]
      }
    },
    {
      "type": "Feature",
      "properties": {
        "highway": "service"
      },
      "geometry": {
        "type": "LineString",
        "coordinates": [
          [
            77.5801512,
            13.1219489
          ],
          [
            77.58,
            13.12222766996806
          ]
        ]
      }
    },
    {
      "type": "Feature",
      "properties": {
        "highway": "service"
      },
      "geometry": {
        "type": "LineString",
        "coordinates": [
          [
            77.5807064,
            13.1222341
          ],
          [
            77.5805394,
            13.1221482
          ],
          [
            77.5801512,
            13.1219489
          ],
          [
            77.58,
            13.121870822853584
          ]
        ]
      }
    },
    {
      "type": "Feature",
      "properties": {
        "highway": "residential"
      },
      "geometry": {
        "type": "LineString",
        "coordinates": [
          [
            77.5816256,
            13.1223115
          ],
          [
            77.5820626,
            13.1225715
          ],
          [
            77.5824055,
            13.1227772
          ],
          [
            77.5828603,
            13.1230488
          ],
          [
            77.5833321,
            13.1233304
          ],
          [
            77.5836099,
            13.1234962
          ],
          [
            77.5838603,
            13.1236457
          ],
          [
            77.5843705,
            13.1239503
          ],
          [
            77.5854079,
            13.1241397
          ]
        ]
      }
    },
    {
      "type": "Feature",
      "properties": {
        "highway": "residential"
      },
      "geometry": {
        "type": "LineString",
        "coordinates": [
          [
            77.5818725,
            13.1245645
          ],
          [
            77.5823482,
            13.124857
          ],
          [
            77.5826515,
            13.1250434
          ],
          [
            77.582893,
            13.1251918
          ],
          [
            77.5831478,
            13.1253485
          ]
        ]
      }
    },
    {
      "type": "Feature",
      "properties": {
        "highway": "residential"
      },
      "geometry": {
        "type": "LineString",
        "coordinates": [
          [
            77.5801824,
            13.1245837
          ],
          [
            77.5805543,
            13.1248232
          ],
          [
            77.5809242,
            13.1250497
          ],
          [
            77.5813673,
            13.125321
          ],
          [
            77.581851,
            13.1256171
          ],
          [
            77.5821611,
            13.125807
          ],
          [
            77.582418,
            13.1259643
          ],
          [
            77.5826591,
            13.1261119
          ],
          [
            77.5830186,
            13.1263434
          ]
        ]
      }
    },
    {
      "type": "Feature",
      "properties": {
        "highway": "residential"
      },
      "geometry": {
        "type": "LineString",
        "coordinates": [
          [
            77.58,
            13.124978987893606
          ],
          [
            77.5806048,
            13.1253498
          ],
          [
            77.5823588,
            13.1263659
          ]
        ]
      }
    },
    {
      "type": "Feature",
      "properties": {
        "highway": "residential"
      },
      "geometry": {
        "type": "LineString",
        "coordinates": [
          [
            77.58,
            13.125451691441441
          ],
          [
            77.5812675,
            13.1262415
          ]
        ]
      }
    },
    {
      "type": "Feature",
      "properties": {
        "highway": "residential"
      },
      "geometry": {
        "type": "LineString",
        "coordinates": [
          [
            77.58,
            13.125983807661818
          ],
          [
            77.5801868,
            13.1260959
          ],
          [
            77.5806099,
            13.1263498
          ]
        ]
      }
    },
    {
      "type": "Feature",
      "properties": {
        "highway": "residential"
      },
      "geometry": {
        "type": "LineString",
        "coordinates": [
          [
            77.5818366,
            13.1229227
          ],
          [
            77.5810579,
            13.1240637
          ],
          [
            77.5805543,
            13.1248232
          ]
        ]
      }
    },
    {
      "type": "Feature",
      "properties": {
        "highway": "residential"
      },
      "geometry": {
        "type": "LineString",
        "coordinates": [
          [
            77.5824055,
            13.1227772
          ],
          [
            77.5814354,
            13.1242836
          ],
          [
            77.5809242,
            13.1250497
          ]
        ]
      }
    },
    {
      "type": "Feature",
      "properties": {
        "highway": "residential"
      },
      "geometry": {
        "type": "LineString",
        "coordinates": [
          [
            77.5818725,
            13.1245645
          ],
          [
            77.5828603,
            13.1230488
          ]
        ]
      }
    },
    {
      "type": "Feature",
      "properties": {
        "highway": "track"
      },
      "geometry": {
        "type": "LineString",
        "coordinates": [
          [
            77.581851,
            13.1256171
          ],
          [
            77.5823482,
            13.124857
          ],
          [
            77.5833321,
            13.1233304
          ]
        ]
      }
    },
    {
      "type": "Feature",
      "properties": {
        "highway": "track"
      },
      "geometry": {
        "type": "LineString",
        "coordinates": [
          [
            77.5821611,
            13.125807
          ],
          [
            77.5826515,
            13.1250434
          ],
          [
            77.5836099,
            13.1234962
          ]
        ]
      }
    },
    {
      "type": "Feature",
      "properties": {
        "highway": "track"
      },
      "geometry": {
        "type": "LineString",
        "coordinates": [
          [
            77.582418,
            13.1259643
          ],
          [
            77.582893,
            13.1251918
          ],
          [
            77.5838603,
            13.1236457
          ]
        ]
      }
    },
    {
      "type": "Feature",
      "properties": {
        "highway": "track"
      },
      "geometry": {
        "type": "LineString",
        "coordinates": [
          [
            77.5826591,
            13.1261119
          ],
          [
            77.5831478,
            13.1253485
          ],
          [
            77.5835183,
            13.124717
          ]
        ]
      }
    },
    {
      "type": "Feature",
      "properties": {
        "highway": "residential"
      },
      "geometry": {
        "type": "LineString",
        "coordinates": [
          [
            77.58,
            13.126486228456567
          ],
          [
            77.5806099,
            13.1263498
          ],
          [
            77.5811694,
            13.1262577
          ],
          [
            77.5812675,
            13.1262415
          ],
          [
            77.581425,
            13.1262325
          ],
          [
            77.5815083,
            13.1263949
          ],
          [
            77.5815298,
            13.1267206
          ],
          [
            77.5815506,
            13.1270356
          ],
          [
            77.5815721,
            13.1273613
          ],
          [
            77.5815917,
            13.1276577
          ]
        ]
      }
    },
    {
      "type": "Feature",
      "properties": {
        "highway": "residential"
      },
      "geometry": {
        "type": "LineString",
        "coordinates": [
          [
            77.5815083,
            13.1263949
          ],
          [
            77.5823588,
            13.1263659
          ],
          [
            77.5830186,
            13.1263434
          ],
          [
            77.5838888,
            13.1263137
          ]
        ]
      }
    },
    {
      "type": "Feature",
      "properties": {
        "highway": "residential"
      },
      "geometry": {
        "type": "LineString",
        "coordinates": [
          [
            77.5815298,
            13.1267206
          ],
          [
            77.5834404,
            13.1266372
          ]
        ]
      }
    },
    {
      "type": "Feature",
      "properties": {
        "highway": "residential"
      },
      "geometry": {
        "type": "LineString",
        "coordinates": [
          [
            77.5815506,
            13.1270356
          ],
          [
            77.5823338,
            13.1270021
          ]
        ]
      }
    },
    {
      "type": "Feature",
      "properties": {
        "highway": "residential"
      },
      "geometry": {
        "type": "LineString",
        "coordinates": [
          [
            77.5815721,
            13.1273613
          ],
          [
            77.5838703,
            13.1272157
          ]
        ]
      }
    },
    {
      "type": "Feature",
      "properties": {
        "highway": "residential"
      },
      "geometry": {
        "type": "LineString",
        "coordinates": [
          [
            77.5815917,
            13.1276577
          ],
          [
            77.5817761,
            13.1276538
          ],
          [
            77.5821649,
            13.1276363
          ],
          [
            77.5829959,
            13.1275988
          ],
          [
            77.5834003,
            13.1275806
          ]
        ]
      }
    },
    {
      "type": "Feature",
      "properties": {
        "highway": "residential"
      },
      "geometry": {
        "type": "LineString",
        "coordinates": [
          [
            77.5838993,
            13.1275748
          ],
          [
            77.5838703,
            13.1272157
          ],
          [
            77.5838888,
            13.1265843
          ],
          [
            77.5838888,
            13.1263137
          ],
          [
            77.5838981,
            13.1254116
          ]
        ]
      }
    },
    {
      "type": "Feature",
      "properties": {
        "highway": "service"
      },
      "geometry": {
        "type": "LineString",
        "coordinates": [
          [
            77.5900005,
            13.13075
          ],
          [
            77.589893,
            13.1307379
          ],
          [
            77.5895556,
            13.1307214
          ],
          [
            77.5889294,
            13.1307377
          ],
          [
            77.5884278,
            13.1307423
          ]
        ]
      }
    },
    {
      "type": "Feature",
      "properties": {
        "highway": "service"
      },
      "geometry": {
        "type": "LineString",
        "coordinates": [
          [
            77.5883217,
            13.1293999
          ],
          [
            77.5883073,
            13.1293111
          ],
          [
            77.5882693,
            13.1290265
          ],
          [
            77.5881649,
            13.1282537
          ],
          [
            77.5874709,
            13.1282696
          ],
          [
            77.5867513,
            13.1282861
          ],
          [
            77.586113,
            13.1283007
          ]
        ]
      }
    },
    {
      "type": "Feature",
      "properties": {
        "highway": "service"
      },
      "geometry": {
        "type": "LineString",
        "coordinates": [
          [
            77.586945,
            13.1291547
          ],
          [
            77.5863343,
            13.1291849
          ],
          [
            77.586113,
            13.1283007
          ],
          [
            77.5860568,
            13.1280568
          ],
          [
            77.5860057,
            13.1278357
          ],
          [
            77.5860313,
            13.1277078
          ],
          [
            77.5861009,
            13.1275981
          ],
          [
            77.5873688,
            13.1271727
          ],
          [
            77.5875668,
            13.1271063
          ],
          [
            77.5879409,
            13.1270665
          ],
          [
            77.5881649,
            13.1282537
          ]
        ]
      }
    },
    {
      "type": "Feature",
      "properties": {
        "highway": "service"
      },
      "geometry": {
        "type": "LineString",
        "coordinates": [
          [
            77.587856,
            13.129057
          ],
          [
            77.5873402,
            13.1290841
          ],
          [
            77.5869439,
            13.1291086
          ],
          [
            77.586945,
            13.1291547
          ],
          [
            77.5870011,
            13.1298963
          ],
          [
            77.5870152,
            13.1300826
          ],
          [
            77.5870261,
            13.1302264
          ],
          [
            77.5871269,
            13.1307431
          ]
        ]
      }
    },
    {
      "type": "Feature",
      "properties": {
        "highway": "residential"
      },
      "geometry": {
        "type": "LineString",
        "coordinates": [
          [
            77.5842347,
            13.1305095
          ],
          [
            77.5847301,
            13.1305551
          ],
          [
            77.585163,
            13.130595
          ]
        ]
      }
    },
    {
      "type": "Feature",
      "properties": {
        "highway": "residential"
      },
      "geometry": {
        "type": "LineString",
        "coordinates": [
          [
            77.58469802845718,
            13.131
          ],
          [
            77.5847301,
            13.1305551
          ]
        ]
      }
    },
    {
      "type": "Feature",
      "properties": {
        "highway": "residential"
      },
      "geometry": {
        "type": "LineString",
        "coordinates": [
          [
            77.5842347,
            13.1305095
          ],
          [
            77.58420091413663,
            13.131
          ]
        ]
      }
    },
    {
      "type": "Feature",
      "properties": {
        "highway": "residential"
      },
      "geometry": {
        "type": "LineString",
        "coordinates": [
          [
            77.58381083575757,
            13.131
          ],
          [
            77.5838519,
            13.1304788
          ]
        ]
      }
    },
    {
      "type": "Feature",
      "properties": {
        "highway": "residential"
      },
      "geometry": {
        "type": "LineString",
        "coordinates": [
          [
            77.5830214,
            13.1304121
          ],
          [
            77.582476,
            13.1303694
          ]
        ]
      }
    },
    {
      "type": "Feature",
      "properties": {
        "highway": "residential"
      },
      "geometry": {
        "type": "LineString",
        "coordinates": [
          [
            77.5838888,
            13.1263137
          ],
          [
            77.5844347,
            13.126274
          ],
          [
            77.5844335,
            13.1263549
          ]
        ]
      }
    },
    {
      "type": "Feature",
      "properties": {
        "highway": "service"
      },
      "geometry": {
        "type": "LineString",
        "coordinates": [
          [
            77.58,
            13.123146405042666
          ],
          [
            77.5800812,
            13.1229961
          ],
          [
            77.5801651,
            13.122841
          ],
          [
            77.5805394,
            13.1221482
          ]
        ]
      }
    },
    {
      "type": "Feature",
      "properties": {
        "highway": "service"
      },
      "geometry": {
        "type": "LineString",
        "coordinates": [
          [
            77.5801651,
            13.122841
          ],
          [
            77.58,
            13.122756394197687
          ]
        ]
      }
    },
    {
      "type": "Feature",
      "properties": {
        "highway": "service"
      },
      "geometry": {
        "type": "LineString",
        "coordinates": [
          [
            77.58,
            13.1191428073927
          ],
          [
            77.5802657,
            13.1192794
          ],
          [
            77.5803784,
            13.1193373
          ]
        ]
      }
    },
    {
      "type": "Feature",
      "properties": {
        "highway": "service"
      },
      "geometry": {
        "type": "LineString",
        "coordinates": [
          [
            77.5802657,
            13.1192794
          ],
          [
            77.5804564,
            13.1190154
          ]
        ]
      }
    },
    {
      "type": "Feature",
      "properties": {
        "highway": "service"
      },
      "geometry": {
        "type": "LineString",
        "coordinates": [
          [
            77.58041470343207,
            13.119
          ],
          [
            77.5804564,
            13.1190154
          ]
        ]
      }
    },
    {
      "type": "Feature",
      "properties": {
        "highway": "residential"
      },
      "geometry": {
        "type": "LineString",
        "coordinates": [
          [
            77.5824578,
            13.119173
          ],
          [
            77.5821531,
            13.1196192
          ],
          [
            77.5819789,
            13.1198761
          ],
          [
            77.5818468,
            13.1200796
          ],
          [
            77.5817555,
            13.120218
          ],
          [
            77.5815578,
            13.1205174
          ],
          [
            77.5813837,
            13.1207813
          ],
          [
            77.5812313,
            13.1210121
          ],
          [
            77.5810699,
            13.1212567
          ],
          [
            77.5809008,
            13.1215128
          ],
          [
            77.5808127,
            13.1216462
          ]
        ]
      }
    },
    {
      "type": "Feature",
      "properties": {
        "highway": "residential"
      },
      "geometry": {
        "type": "LineString",
        "coordinates": [
          [
            77.5818468,
            13.1213368
          ],
          [
            77.5812313,
            13.1210121
          ]
        ]
      }
    },
    {
      "type": "Feature",
      "properties": {
        "highway": "residential"
      },
      "geometry": {
        "type": "LineString",
        "coordinates": [
          [
            77.5819752,
            13.1210736
          ],
          [
            77.5813837,
            13.1207813
          ]
        ]
      }
    },
    {
      "type": "Feature",
      "properties": {
        "highway": "residential"
      },
      "geometry": {
        "type": "LineString",
        "coordinates": [
          [
            77.5821645,
            13.1207971
          ],
          [
            77.5815578,
            13.1205174
          ]
        ]
      }
    },
    {
      "type": "Feature",
      "properties": {
        "highway": "residential"
      },
      "geometry": {
        "type": "LineString",
        "coordinates": [
          [
            77.5816441,
            13.1215804
          ],
          [
            77.5810699,
            13.1212567
          ]
        ]
      }
    },
    {
      "type": "Feature",
      "properties": {
        "highway": "residential"
      },
      "geometry": {
        "type": "LineString",
        "coordinates": [
          [
            77.5823537,
            13.1205141
          ],
          [
            77.5817555,
            13.120218
          ]
        ]
      }
    },
    {
      "type": "Feature",
      "properties": {
        "highway": "residential"
      },
      "geometry": {
        "type": "LineString",
        "coordinates": [
          [
            77.5824813,
            13.1201297
          ],
          [
            77.5819789,
            13.1198761
          ]
        ]
      }
    },
    {
      "type": "Feature",
      "properties": {
        "highway": "residential"
      },
      "geometry": {
        "type": "LineString",
        "coordinates": [
          [
            77.582759,
            13.1199061
          ],
          [
            77.5825719,
            13.1198082
          ],
          [
            77.5821531,
            13.1196192
          ]
        ]
      }
    },
    {
      "type": "Feature",
      "properties": {
        "highway": "residential"
      },
      "geometry": {
        "type": "LineString",
        "coordinates": [
          [
            77.5814954,
            13.1218305
          ],
          [
            77.5809008,
            13.1215128
          ]
        ]
      }
    },
    {
      "type": "Feature",
      "properties": {
        "highway": "residential"
      },
      "geometry": {
        "type": "MultiLineString",
        "coordinates": [
          [
            [
              77.5835052,
              13.1193425
            ],
            [
              77.5835827,
              13.1191858
            ],
            [
              77.58368705627802,
              13.119
            ]
          ],
          [
            [
              77.58468277605634,
              13.119
            ],
            [
              77.5847163,
              13.1193967
            ],
            [
              77.5847262,
              13.1195791
            ]
          ]
        ]
      }
    },
    {
      "type": "Feature",
      "properties": {
        "highway": "residential"
      },
      "geometry": {
        "type": "LineString",
        "coordinates": [
          [
            77.5847163,
            13.1193967
          ],
          [
            77.5842651,
            13.1193194
          ],
          [
            77.5835827,
            13.1191858
          ]
        ]
      }
    },
    {
      "type": "Feature",
      "properties": {
        "highway": "residential"
      },
      "geometry": {
        "type": "LineString",
        "coordinates": [
          [
            77.5846789,
            13.1200469
          ],
          [
            77.5842637,
            13.1199715
          ],
          [
            77.5832001,
            13.1197822
          ]
        ]
      }
    },
    {
      "type": "Feature",
      "properties": {
        "highway": "residential"
      },
      "geometry": {
        "type": "LineString",
        "coordinates": [
          [
            77.5846162,
            13.1203478
          ],
          [
            77.584253,
            13.120291
          ],
          [
            77.5839905,
            13.120244
          ],
          [
            77.5837092,
            13.1201936
          ],
          [
            77.5834231,
            13.1201462
          ],
          [
            77.5831302,
            13.1200993
          ],
          [
            77.5830001,
            13.1200785
          ]
        ]
      }
    },
    {
      "type": "Feature",
      "properties": {
        "highway": "residential"
      },
      "geometry": {
        "type": "LineString",
        "coordinates": [
          [
            77.5825518,
            13.1208184
          ],
          [
            77.5835425,
            13.1209449
          ],
          [
            77.584572,
            13.1210836
          ],
          [
            77.5851182,
            13.1211461
          ],
          [
            77.5850659,
            13.1214675
          ],
          [
            77.585012,
            13.1217984
          ],
          [
            77.5849628,
            13.1221005
          ],
          [
            77.5844386,
            13.1220176
          ],
          [
            77.5834567,
            13.1218623
          ],
          [
            77.5833812,
            13.1218504
          ],
          [
            77.5820548,
            13.1216388
          ]
        ]
      }
    },
    {
      "type": "Feature",
      "properties": {
        "highway": "residential"
      },
      "geometry": {
        "type": "LineString",
        "coordinates": [
          [
            77.5822091,
            13.1213841
          ],
          [
            77.5834421,
            13.1215542
          ],
          [
            77.5834942,
            13.1215621
          ],
          [
            77.5844829,
            13.1217122
          ],
          [
            77.5844386,
            13.1220176
          ]
        ]
      }
    },
    {
      "type": "Feature",
      "properties": {
        "highway": "residential"
      },
      "geometry": {
        "type": "LineString",
        "coordinates": [
          [
            77.5824041,
            13.1210622
          ],
          [
            77.5835367,
            13.1212382
          ],
          [
            77.5845306,
            13.1213958
          ],
          [
            77.5850659,
            13.1214675
          ]
        ]
      }
    },
    {
      "type": "Feature",
      "properties": {
        "highway": "path"
      },
      "geometry": {
        "type": "LineString",
        "coordinates": [
          [
            77.5834942,
            13.1215621
          ],
          [
            77.5835367,
            13.1212382
          ]
        ]
      }
    },
    {
      "type": "Feature",
      "properties": {
        "highway": "residential"
      },
      "geometry": {
        "type": "LineString",
        "coordinates": [
          [
            77.5844829,
            13.1217122
          ],
          [
            77.5845306,
            13.1213958
          ],
          [
            77.584572,
            13.1210836
          ]
        ]
      }
    },
    {
      "type": "Feature",
      "properties": {
        "highway": "service"
      },
      "geometry": {
        "type": "LineString",
        "coordinates": [
          [
            77.595,
            13.130516631933768
          ],
          [
            77.5941609,
            13.1305383
          ],
          [
            77.5940647,
            13.1299209
          ]
        ]
      }
    },
    {
      "type": "Feature",
      "properties": {
        "highway": "path"
      },
      "geometry": {
        "type": "LineString",
        "coordinates": [
          [
            77.5873871,
            13.1200601
          ],
          [
            77.5874421,
            13.1200959
          ],
          [
            77.5875128,
            13.1201388
          ],
          [
            77.5875892,
            13.1201392
          ],
          [
            77.5876862,
            13.1201057
          ],
          [
            77.5892414,
            13.1193389
          ],
          [
            77.58987753981727,
            13.119
          ]
        ]
      }
    },
    {
      "type": "Feature",
      "properties": {
        "highway": "residential"
      },
      "geometry": {
        "type": "LineString",
        "coordinates": [
          [
            77.5853393,
            13.1196015
          ],
          [
            77.5853285,
            13.119328
          ],
          [
            77.58533712524462,
            13.119
          ]
        ]
      }
    },
    {
      "type": "Feature",
      "properties": {
        "highway": "service"
      },
      "geometry": {
        "type": "LineString",
        "coordinates": [
          [
            77.58256900961038,
            13.119
          ],
          [
            77.5825586,
            13.1190073
          ],
          [
            77.581908,
            13.119009
          ],
          [
            77.5815494,
            13.1190034
          ],
          [
            77.58154515752213,
            13.119
          ]
        ]
      }
    },
    {
      "type": "Feature",
      "properties": {
        "highway": "service"
      },
      "geometry": {
        "type": "LineString",
        "coordinates": [
          [
            77.581908,
            13.119009
          ],
          [
            77.58191190762125,
            13.119
          ]
        ]
      }
    },
    {
      "type": "Feature",
      "properties": {
        "highway": "residential"
      },
      "geometry": {
        "type": "LineString",
        "coordinates": [
          [
            77.58610121879236,
            13.119
          ],
          [
            77.5860229,
            13.119635
          ]
        ]
      }
    },
    {
      "type": "Feature",
      "properties": {
        "highway": "residential"
      },
      "geometry": {
        "type": "LineString",
        "coordinates": [
          [
            77.5855601,
            13.1196123
          ],
          [
            77.5855677,
            13.1193834
          ],
          [
            77.58561583590473,
            13.119
          ]
        ]
      }
    },
    {
      "type": "Feature",
      "properties": {
        "highway": "track"
      },
      "geometry": {
        "type": "LineString",
        "coordinates": [
          [
            77.595,
            13.122722763952119
          ],
          [
            77.5948209,
            13.1227448
          ],
          [
            77.5943112,
            13.1224836
          ],
          [
            77.59412,
            13.1222882
          ],
          [
            77.5936568,
            13.1218148
          ],
          [
            77.5933393,
            13.1214727
          ]
        ]
      }
    },
    {
      "type": "Feature",
      "properties": {
        "highway": "residential"
      },
      "geometry": {
        "type": "LineString",
        "coordinates": [
          [
            77.5948526,
            13.1264873
          ],
          [
            77.595,
            13.126713198938216
          ]
        ]
      }
    },
    {
      "type": "Feature",
      "properties": {
        "highway": "residential"
      },
      "geometry": {
        "type": "LineString",
        "coordinates": [
          [
            77.5926281,
            13.1268484
          ],
          [
            77.5931561,
            13.1269349
          ],
          [
            77.5933819,
            13.1269673
          ],
          [
            77.5936599,
            13.126953
          ],
          [
            77.5941892,
            13.1269229
          ],
          [
            77.5942612,
            13.1268794
          ],
          [
            77.5943693,
            13.1268136
          ],
          [
            77.5948526,
            13.1264873
          ],
          [
            77.595,
            13.126397248553054
          ]
        ]
      }
    },
    {
      "type": "Feature",
      "properties": {
        "highway": "residential"
      },
      "geometry": {
        "type": "LineString",
        "coordinates": [
          [
            77.593942,
            13.1254759
          ],
          [
            77.5948526,
            13.1264873
          ]
        ]
      }
    },
    {
      "type": "Feature",
      "properties": {
        "highway": "residential"
      },
      "geometry": {
        "type": "LineString",
        "coordinates": [
          [
            77.5935942,
            13.1241291
          ],
          [
            77.5943005,
            13.125308
          ]
        ]
      }
    },
    {
      "type": "Feature",
      "properties": {
        "highway": "residential"
      },
      "geometry": {
        "type": "LineString",
        "coordinates": [
          [
            77.5930785,
            13.124367
          ],
          [
            77.5937414,
            13.1255572
          ]
        ]
      }
    },
    {
      "type": "Feature",
      "properties": {
        "highway": "residential"
      },
      "geometry": {
        "type": "LineString",
        "coordinates": [
          [
            77.5925672,
            13.1245913
          ],
          [
            77.5931304,
            13.1258041
          ],
          [
            77.5936599,
            13.126953
          ]
        ]
      }
    },
    {
      "type": "Feature",
      "properties": {
        "highway": "residential"
      },
      "geometry": {
        "type": "LineString",
        "coordinates": [
          [
            77.5921541,
            13.1247721
          ],
          [
            77.5927222,
            13.12599
          ],
          [
            77.5931561,
            13.1269349
          ]
        ]
      }
    },
    {
      "type": "Feature",
      "properties": {
        "highway": "residential"
      },
      "geometry": {
        "type": "LineString",
        "coordinates": [
          [
            77.592149,
            13.1262432
          ],
          [
            77.5923157,
            13.1261687
          ],
          [
            77.5927222,
            13.12599
          ],
          [
            77.5931304,
            13.1258041
          ],
          [
            77.5932888,
            13.1257432
          ],
          [
            77.5934143,
            13.1256909
          ],
          [
            77.5937414,
            13.1255572
          ],
          [
            77.593942,
            13.1254759
          ],
          [
            77.5943005,
            13.125308
          ],
          [
            77.5948316,
            13.1250589
          ],
          [
            77.595,
            13.124988024919874
          ]
        ]
      }
    },
    {
      "type": "Feature",
      "properties": {
        "highway": "residential"
      },
      "geometry": {
        "type": "LineString",
        "coordinates": [
          [
            77.5946602,
            13.1236688
          ],
          [
            77.5941369,
            13.1238948
          ],
          [
            77.5935942,
            13.1241291
          ],
          [
            77.5930785,
            13.124367
          ],
          [
            77.5928836,
            13.1244603
          ],
          [
            77.5927523,
            13.124517
          ],
          [
            77.5925672,
            13.1245913
          ],
          [
            77.5921541,
            13.1247721
          ],
          [
            77.59175,
            13.1249474
          ],
          [
            77.5923157,
            13.1261687
          ],
          [
            77.5926281,
            13.1268484
          ]
        ]
      }
    },
    {
      "type": "Feature",
      "properties": {
        "highway": "residential"
      },
      "geometry": {
        "type": "LineString",
        "coordinates": [
          [
            77.595,
            13.125373896143241
          ],
          [
            77.5948316,
            13.1250589
          ],
          [
            77.5941369,
            13.1238948
          ]
        ]
      }
    },
    {
      "type": "Feature",
      "properties": {
        "highway": "residential"
      },
      "geometry": {
        "type": "LineString",
        "coordinates": [
          [
            77.595,
            13.127797638946253
          ],
          [
            77.5943693,
            13.1268136
          ],
          [
            77.5934143,
            13.1256909
          ],
          [
            77.5930774,
            13.1249024
          ],
          [
            77.5928836,
            13.1244603
          ],
          [
            77.5927139,
            13.1241121
          ],
          [
            77.5925943,
            13.1238669
          ],
          [
            77.5923102,
            13.123284
          ],
          [
            77.5922588,
            13.1231786
          ],
          [
            77.5917536,
            13.1220516
          ]
        ]
      }
    },
    {
      "type": "Feature",
      "properties": {
        "highway": "residential"
      },
      "geometry": {
        "type": "MultiLineString",
        "coordinates": [
          [
            [
              77.592465,
              13.1239232
            ],
            [
              77.5925848,
              13.1241707
            ],
            [
              77.5927523,
              13.124517
            ],
            [
              77.5932888,
              13.1257432
            ],
            [
              77.5940591,
              13.1266238
            ],
            [
              77.5942612,
              13.1268794
            ],
            [
              77.5945526,
              13.1272586
            ],
            [
              77.595,
              13.128003416096316
            ]
          ],
          [
            [
              77.595,
              13.12920534671052
            ],
            [
              77.5949979,
              13.1292098
            ],
            [
              77.5949645,
              13.1293281
            ],
            [
              77.5949492,
              13.1293845
            ],
            [
              77.5949451,
              13.1294793
            ]
          ]
        ]
      }
    },
    {
      "type": "Feature",
      "properties": {
        "highway": "service"
      },
      "geometry": {
        "type": "LineString",
        "coordinates": [
          [
            77.58,
            13.120175930672023
          ],
          [
            77.5809756,
            13.1192382
          ],
          [
            77.5806309,
            13.1190803
          ],
          [
            77.5803784,
            13.1193373
          ],
          [
            77.58,
            13.119722432054461
          ]
        ]
      }
    },
    {
      "type": "Feature",
      "properties": {
        "highway": "tertiary"
      },
      "geometry": {
        "type": "LineString",
        "coordinates": [
          [
            77.5909074,
            13.1293065
          ],
          [
            77.5908877,
            13.1293335
          ],
          [
            77.5901267,
            13.1305743
          ],
          [
            77.5900929,
            13.1306615
          ],
          [
            77.5900566,
            13.1307552
          ],
          [
            77.58996180124537,
            13.131
          ]
        ]
      }
    },
    {
      "type": "Feature",
      "properties": {
        "highway": "track"
      },
      "geometry": {
        "type": "LineString",
        "coordinates": [
          [
            77.5842756,
            13.1301134
          ],
          [
            77.5845112,
            13.1299066
          ],
          [
            77.5845798,
            13.1298654
          ],
          [
            77.5847739,
            13.1297786
          ],
          [
            77.5848008,
            13.1297655
          ],
          [
            77.5851386,
            13.1297708
          ],
          [
            77.5851976,
            13.1297917
          ]
        ]
      }
    },
    {
      "type": "Feature",
      "properties": {
        "highway": "track"
      },
      "geometry": {
        "type": "LineString",
        "coordinates": [
          [
            77.5851547,
            13.1302305
          ],
          [
            77.5851976,
            13.1297917
          ]
        ]
      }
    },
    {
      "type": "Feature",
      "properties": {
        "highway": "residential"
      },
      "geometry": {
        "type": "LineString",
        "coordinates": [
          [
            77.5851547,
            13.1302305
          ],
          [
            77.5851654,
            13.1302775
          ],
          [
            77.585163,
            13.130595
          ]
        ]
      }
    },
    {
      "type": "Feature",
      "properties": {
        "highway": "residential"
      },
      "geometry": {
        "type": "LineString",
        "coordinates": [
          [
            77.581083,
            13.1289614
          ],
          [
            77.5809984,
            13.1289506
          ],
          [
            77.5803227,
            13.128935
          ],
          [
            77.58,
            13.128960796232771
          ]
        ]
      }
    },
    {
      "type": "Feature",
      "properties": {
        "highway": "residential"
      },
      "geometry": {
        "type": "LineString",
        "coordinates": [
          [
            77.5817761,
            13.1276538
          ],
          [
            77.5817493,
            13.1281357
          ],
          [
            77.5817224,
            13.1285797
          ],
          [
            77.5817224,
            13.1287365
          ],
          [
            77.5817278,
            13.1287521
          ],
          [
            77.581953,
            13.1287574
          ],
          [
            77.5826073,
            13.1287469
          ],
          [
            77.5832616,
            13.1287365
          ]
        ]
      }
    },
    {
      "type": "Feature",
      "properties": {
        "highway": "service"
      },
      "geometry": {
        "type": "LineString",
        "coordinates": [
          [
            77.5811201,
            13.1206392
          ],
          [
            77.581407,
            13.1193221
          ],
          [
            77.5813374,
            13.1191631
          ]
        ]
      }
    },
    {
      "type": "Feature",
      "properties": {
        "highway": "residential"
      },
      "geometry": {
        "type": "LineString",
        "coordinates": [
          [
            77.5825719,
            13.1198082
          ],
          [
            77.582807,
            13.1191748
          ]
        ]
      }
    },
    {
      "type": "Feature",
      "properties": {
        "highway": "residential"
      },
      "geometry": {
        "type": "LineString",
        "coordinates": [
          [
            77.5839847,
            13.1196518
          ],
          [
            77.5833749,
            13.1195171
          ]
        ]
      }
    },
    {
      "type": "Feature",
      "properties": {
        "highway": "residential"
      },
      "geometry": {
        "type": "LineString",
        "coordinates": [
          [
            77.584572,
            13.1210836
          ],
          [
            77.5845986,
            13.120806
          ],
          [
            77.5846162,
            13.1203478
          ]
        ]
      }
    },
    {
      "type": "Feature",
      "properties": {
        "highway": "residential"
      },
      "geometry": {
        "type": "LineString",
        "coordinates": [
          [
            77.5842637,
            13.1199715
          ],
          [
            77.584253,
            13.120291
          ],
          [
            77.5842726,
            13.1207336
          ],
          [
            77.5842903,
            13.1207648
          ],
          [
            77.5843137,
            13.1207782
          ],
          [
            77.5845986,
            13.120806
          ]
        ]
      }
    },
    {
      "type": "Feature",
      "properties": {
        "highway": "residential"
      },
      "geometry": {
        "type": "LineString",
        "coordinates": [
          [
            77.5844829,
            13.1217122
          ],
          [
            77.585012,
            13.1217984
          ]
        ]
      }
    },
    {
      "type": "Feature",
      "properties": {
        "highway": "track"
      },
      "geometry": {
        "type": "LineString",
        "coordinates": [
          [
            77.5925019,
            13.1209051
          ],
          [
            77.5900626,
            13.1209626
          ],
          [
            77.5898588,
            13.1209521
          ],
          [
            77.5897193,
            13.120973
          ],
          [
            77.5894886,
            13.1209626
          ],
          [
            77.5889426,
            13.1209488
          ],
          [
            77.5886724,
            13.1209342
          ],
          [
            77.5882487,
            13.1209112
          ],
          [
            77.5874459,
            13.1207566
          ]
        ]
      }
    },
    {
      "type": "Feature",
      "properties": {
        "highway": "tertiary"
      },
      "geometry": {
        "type": "LineString",
        "coordinates": [
          [
            77.580391,
            13.1306868
          ],
          [
            77.5803711,
            13.130798
          ],
          [
            77.58026462155772,
            13.131
          ]
        ]
      }
    },
    {
      "type": "Feature",
      "properties": {
        "highway": "proposed"
      },
      "geometry": {
        "type": "LineString",
        "coordinates": [
          [
            77.58,
            13.126774729047368
          ],
          [
            77.5811694,
            13.1262577
          ],
          [
            77.5817872,
            13.125983
          ],
          [
            77.58324,
            13.1253372
          ],
          [
            77.585644,
            13.1242082
          ],
          [
            77.587649,
            13.1233792
          ],
          [
            77.58968,
            13.1225602
          ],
          [
            77.591751,
            13.1216602
          ],
          [
            77.593409,
            13.1209842
          ],
          [
            77.595,
            13.120492112842268
          ]
        ]
      }
    },
    {
      "type": "Feature",
      "properties": {
        "highway": "service"
      },
      "geometry": {
        "type": "LineString",
        "coordinates": [
          [
            77.5824055,
            13.1227772
          ],
          [
            77.5824283,
            13.1227342
          ],
          [
            77.5824511,
            13.1226911
          ],
          [
            77.5826994,
            13.1227822
          ]
        ]
      }
    },
    {
      "type": "Feature",
      "properties": {
        "highway": "service"
      },
      "geometry": {
        "type": "LineString",
        "coordinates": [
          [
            77.5818694,
            13.1223651
          ],
          [
            77.5821909,
            13.1218638
          ],
          [
            77.5824169,
            13.1218944
          ],
          [
            77.5826791,
            13.121929
          ],
          [
            77.5831907,
            13.1220033
          ],
          [
            77.5831971,
            13.1224196
          ]
        ]
      }
    },
    {
      "type": "Feature",
      "properties": {
        "highway": "service"
      },
      "geometry": {
        "type": "LineString",
        "coordinates": [
          [
            77.5826994,
            13.1227822
          ],
          [
            77.5829287,
            13.1227751
          ],
          [
            77.5829294,
            13.1224221
          ],
          [
            77.5829236,
            13.1220941
          ]
        ]
      }
    },
    {
      "type": "Feature",
      "properties": {
        "highway": "service"
      },
      "geometry": {
        "type": "LineString",
        "coordinates": [
          [
            77.5826994,
            13.1227822
          ],
          [
            77.5826791,
            13.121929
          ]
        ]
      }
    },
    {
      "type": "Feature",
      "properties": {
        "highway": "service"
      },
      "geometry": {
        "type": "LineString",
        "coordinates": [
          [
            77.5824192,
            13.1226868
          ],
          [
            77.5824169,
            13.1218944
          ]
        ]
      }
    },
    {
      "type": "Feature",
      "properties": {
        "highway": "service"
      },
      "geometry": {
        "type": "LineString",
        "coordinates": [
          [
            77.5829294,
            13.1224221
          ],
          [
            77.5831971,
            13.1224196
          ]
        ]
      }
    },
    {
      "type": "Feature",
      "properties": {
        "highway": "service"
      },
      "geometry": {
        "type": "LineString",
        "coordinates": [
          [
            77.5824511,
            13.1226911
          ],
          [
            77.5824192,
            13.1226868
          ],
          [
            77.5821445,
            13.1225283
          ],
          [
            77.5818694,
            13.1223651
          ]
        ]
      }
    },
    {
      "type": "Feature",
      "properties": {
        "highway": "footway"
      },
      "geometry": {
        "type": "LineString",
        "coordinates": [
          [
            77.5900631,
            13.126065
          ],
          [
            77.5901839,
            13.1267052
          ]
        ]
      }
    },
    {
      "type": "Feature",
      "properties": {
        "highway": "footway"
      },
      "geometry": {
        "type": "LineString",
        "coordinates": [
          [
            77.5907198,
            13.1259316
          ],
          [
            77.5908495,
            13.1265748
          ],
          [
            77.5922151,
            13.1267662
          ],
          [
            77.592038,
            13.1263404
          ]
        ]
      }
    },
    {
      "type": "Feature",
      "properties": {
        "highway": "footway"
      },
      "geometry": {
        "type": "LineString",
        "coordinates": [
          [
            77.5909554,
            13.1258531
          ],
          [
            77.5908606,
            13.1258415
          ],
          [
            77.5907614,
            13.1257161
          ],
          [
            77.5908572,
            13.1251819
          ],
          [
            77.5908763,
            13.125061
          ],
          [
            77.5908907,
            13.1249951
          ]
        ]
      }
    },
    {
      "type": "Feature",
      "properties": {
        "highway": "footway"
      },
      "geometry": {
        "type": "LineString",
        "coordinates": [
          [
            77.5900898,
            13.1256309
          ],
          [
            77.5902008,
            13.1248711
          ]
        ]
      }
    },
    {
      "type": "Feature",
      "properties": {
        "highway": "footway"
      },
      "geometry": {
        "type": "LineString",
        "coordinates": [
          [
            77.5896496,
            13.1247849
          ],
          [
            77.5895932,
            13.1250787
          ],
          [
            77.5895178,
            13.1253847
          ],
          [
            77.5895106,
            13.1255413
          ],
          [
            77.5895087,
            13.1260361
          ],
          [
            77.58944,
            13.1261918
          ]
        ]
      }
    },
    {
      "type": "Feature",
      "properties": {
        "highway": "footway"
      },
      "geometry": {
        "type": "LineString",
        "coordinates": [
          [
            77.58944,
            13.1261918
          ],
          [
            77.5900631,
            13.126065
          ],
          [
            77.5907198,
            13.1259316
          ],
          [
            77.5907614,
            13.1257161
          ],
          [
            77.5900898,
            13.1256309
          ],
          [
            77.5895106,
            13.1255413
          ]
        ]
      }
    },
    {
      "type": "Feature",
      "properties": {
        "highway": "service"
      },
      "geometry": {
        "type": "LineString",
        "coordinates": [
          [
            77.58952,
            13.1267716
          ],
          [
            77.5901839,
            13.1267052
          ],
          [
            77.5908495,
            13.1265748
          ],
          [
            77.5909658,
            13.1265506
          ],
          [
            77.5916075,
            13.1264248
          ],
          [
            77.5918576,
            13.1263757
          ],
          [
            77.5918813,
            13.1263711
          ],
          [
            77.592038,
            13.1263404
          ]
        ]
      }
    },
    {
      "type": "Feature",
      "properties": {
        "highway": "service"
      },
      "geometry": {
        "type": "LineString",
        "coordinates": [
          [
            77.5880642,
            13.1266723
          ],
          [
            77.588287,
            13.1264122
          ]
        ]
      }
    },
    {
      "type": "Feature",
      "properties": {
        "highway": "service"
      },
      "geometry": {
        "type": "LineString",
        "coordinates": [
          [
            77.5892646,
            13.1277889
          ],
          [
            77.5885192,
            13.1277883
          ]
        ]
      }
    },
    {
      "type": "Feature",
      "properties": {
        "highway": "service"
      },
      "geometry": {
        "type": "LineString",
        "coordinates": [
          [
            77.5885192,
            13.1277883
          ],
          [
            77.5885193,
            13.1278737
          ],
          [
            77.5885335,
            13.1284706
          ],
          [
            77.5885335,
            13.1290271
          ],
          [
            77.588539,
            13.1295337
          ],
          [
            77.5885439,
            13.1300719
          ],
          [
            77.5885485,
            13.1306105
          ]
        ]
      }
    },
    {
      "type": "Feature",
      "properties": {
        "highway": "service"
      },
      "geometry": {
        "type": "LineString",
        "coordinates": [
          [
            77.5892229,
            13.1290297
          ],
          [
            77.5895044,
            13.1290206
          ],
          [
            77.5895037,
            13.128478
          ],
          [
            77.5894889,
            13.1279071
          ],
          [
            77.5894538,
            13.1277798
          ]
        ]
      }
    },
    {
      "type": "Feature",
      "properties": {
        "highway": "service"
      },
      "geometry": {
        "type": "LineString",
        "coordinates": [
          [
            77.5892178,
            13.1305973
          ],
          [
            77.5892193,
            13.1300743
          ],
          [
            77.5892166,
            13.1295284
          ],
          [
            77.5892229,
            13.1290297
          ],
          [
            77.5885335,
            13.1290271
          ]
        ]
      }
    },
    {
      "type": "Feature",
      "properties": {
        "highway": "service"
      },
      "geometry": {
        "type": "LineString",
        "coordinates": [
          [
            77.5884925,
            13.1267063
          ],
          [
            77.5889522,
            13.1267072
          ],
          [
            77.5893476,
            13.1267079
          ]
        ]
      }
    },
    {
      "type": "Feature",
      "properties": {
        "highway": "service"
      },
      "geometry": {
        "type": "LineString",
        "coordinates": [
          [
            77.5885192,
            13.1277883
          ],
          [
            77.5885076,
            13.12724
          ],
          [
            77.5884925,
            13.1267063
          ],
          [
            77.5880642,
            13.1266723
          ]
        ]
      }
    },
    {
      "type": "Feature",
      "properties": {
        "highway": "service"
      },
      "geometry": {
        "type": "LineString",
        "coordinates": [
          [
            77.5901267,
            13.1305743
          ],
          [
            77.590085,
            13.1305743
          ],
          [
            77.5892178,
            13.1305973
          ],
          [
            77.5885485,
            13.1306105
          ]
        ]
      }
    },
    {
      "type": "Feature",
      "properties": {
        "highway": "service"
      },
      "geometry": {
        "type": "LineString",
        "coordinates": [
          [
            77.592038,
            13.1263404
          ],
          [
            77.5918436,
            13.1259602
          ],
          [
            77.5917088,
            13.1256732
          ],
          [
            77.5915412,
            13.1253164
          ],
          [
            77.5914694,
            13.1251636
          ],
          [
            77.5914399,
            13.1250924
          ],
          [
            77.5909072,
            13.1239506
          ],
          [
            77.5908994,
            13.1239328
          ],
          [
            77.5908601,
            13.1238434
          ]
        ]
      }
    },
    {
      "type": "Feature",
      "properties": {
        "highway": "service"
      },
      "geometry": {
        "type": "LineString",
        "coordinates": [
          [
            77.5914399,
            13.1250924
          ],
          [
            77.591403,
            13.1250883
          ],
          [
            77.5908907,
            13.1249951
          ],
          [
            77.5906057,
            13.1249439
          ],
          [
            77.5902281,
            13.124876
          ],
          [
            77.5902008,
            13.1248711
          ],
          [
            77.5896496,
            13.1247849
          ],
          [
            77.5891672,
            13.1246914
          ],
          [
            77.5889343,
            13.1246536
          ]
        ]
      }
    },
    {
      "type": "Feature",
      "properties": {
        "highway": "service"
      },
      "geometry": {
        "type": "LineString",
        "coordinates": [
          [
            77.5880642,
            13.1266723
          ],
          [
            77.5880789,
            13.1269607
          ],
          [
            77.5881076,
            13.1273681
          ],
          [
            77.5883071,
            13.1278678
          ],
          [
            77.5884404,
            13.1278725
          ],
          [
            77.5885193,
            13.1278737
          ]
        ]
      }
    },
    {
      "type": "Feature",
      "properties": {
        "highway": "service"
      },
      "geometry": {
        "type": "LineString",
        "coordinates": [
          [
            77.5894889,
            13.1279071
          ],
          [
            77.5914296,
            13.1278691
          ],
          [
            77.5909638,
            13.1289741
          ]
        ]
      }
    },
    {
      "type": "Feature",
      "properties": {
        "highway": "service"
      },
      "geometry": {
        "type": "LineString",
        "coordinates": [
          [
            77.5909713,
            13.1276861
          ],
          [
            77.5911001,
            13.1277043
          ],
          [
            77.5912735,
            13.127701
          ],
          [
            77.5915097,
            13.1277029
          ],
          [
            77.5916063,
            13.1277631
          ],
          [
            77.5915853,
            13.1278585
          ],
          [
            77.5911401,
            13.1289795
          ]
        ]
      }
    },
    {
      "type": "Feature",
      "properties": {
        "highway": "service"
      },
      "geometry": {
        "type": "LineString",
        "coordinates": [
          [
            77.5875735,
            13.1266956
          ],
          [
            77.5864148,
            13.1271436
          ]
        ]
      }
    },
    {
      "type": "Feature",
      "properties": {
        "highway": "service"
      },
      "geometry": {
        "type": "LineString",
        "coordinates": [
          [
            77.588539,
            13.1295337
          ],
          [
            77.5892166,
            13.1295284
          ]
        ]
      }
    },
    {
      "type": "Feature",
      "properties": {
        "highway": "service"
      },
      "geometry": {
        "type": "LineString",
        "coordinates": [
          [
            77.5885439,
            13.1300719
          ],
          [
            77.5892193,
            13.1300743
          ]
        ]
      }
    },
    {
      "type": "Feature",
      "properties": {
        "highway": "residential"
      },
      "geometry": {
        "type": "LineString",
        "coordinates": [
          [
            77.5808547,
            13.1298968
          ],
          [
            77.5812991,
            13.1298899
          ]
        ]
      }
    },
    {
      "type": "Feature",
      "properties": {
        "highway": "residential"
      },
      "geometry": {
        "type": "LineString",
        "coordinates": [
          [
            77.5825884,
            13.1299617
          ],
          [
            77.5827942,
            13.1299895
          ],
          [
            77.5830538,
            13.1300077
          ],
          [
            77.5833304,
            13.1300271
          ],
          [
            77.5836258,
            13.1300448
          ],
          [
            77.5838641,
            13.1300621
          ],
          [
            77.5841756,
            13.1300846
          ],
          [
            77.5842756,
            13.1301134
          ]
        ]
      }
    },
    {
      "type": "Feature",
      "properties": {
        "highway": "residential"
      },
      "geometry": {
        "type": "LineString",
        "coordinates": [
          [
            77.5851547,
            13.1302305
          ],
          [
            77.5842756,
            13.1301134
          ]
        ]
      }
    },
    {
      "type": "Feature",
      "properties": {
        "highway": "track"
      },
      "geometry": {
        "type": "LineString",
        "coordinates": [
          [
            77.5846215,
            13.1293382
          ],
          [
            77.5846154,
            13.1295432
          ],
          [
            77.5845987,
            13.1296626
          ],
          [
            77.5846014,
            13.1297451
          ],
          [
            77.5845798,
            13.1298654
          ]
        ]
      }
    },
    {
      "type": "Feature",
      "properties": {
        "highway": "service"
      },
      "geometry": {
        "type": "LineString",
        "coordinates": [
          [
            77.5804564,
            13.1190154
          ],
          [
            77.5806309,
            13.1190803
          ]
        ]
      }
    },
    {
      "type": "Feature",
      "properties": {
        "highway": "residential"
      },
      "geometry": {
        "type": "LineString",
        "coordinates": [
          [
            77.58,
            13.127058720801037
          ],
          [
            77.5800263,
            13.1270173
          ],
          [
            77.58,
            13.126898099734275
          ]
        ]
      }
    },
    {
      "type": "Feature",
      "properties": {
        "highway": "residential"
      },
      "geometry": {
        "type": "LineString",
        "coordinates": [
          [
            77.5815917,
            13.1276577
          ],
          [
            77.5815424,
            13.1277238
          ],
          [
            77.5814721,
            13.1289508
          ],
          [
            77.5811244,
            13.1289603
          ],
          [
            77.581083,
            13.1289614
          ]
        ]
      }
    },
    {
      "type": "Feature",
      "properties": {
        "highway": "residential"
      },
      "geometry": {
        "type": "LineString",
        "coordinates": [
          [
            77.5806543,
            13.1238407
          ],
          [
            77.5810579,
            13.1240637
          ],
          [
            77.5814354,
            13.1242836
          ],
          [
            77.5818725,
            13.1245645
          ]
        ]
      }
    },
    {
      "type": "Feature",
      "properties": {
        "highway": "residential"
      },
      "geometry": {
        "type": "LineString",
        "coordinates": [
          [
            77.5813673,
            13.125321
          ],
          [
            77.5818725,
            13.1245645
          ]
        ]
      }
    },
    {
      "type": "Feature",
      "properties": {
        "highway": "service"
      },
      "geometry": {
        "type": "LineString",
        "coordinates": [
          [
            77.59271240178572,
            13.119
          ],
          [
            77.5928542,
            13.1197785
          ]
        ]
      }
    },
    {
      "type": "Feature",
      "properties": {
        "highway": "service"
      },
      "geometry": {
        "type": "LineString",
        "coordinates": [
          [
            77.59319832668152,
            13.119
          ],
          [
            77.5932136,
            13.1190991
          ],
          [
            77.5931633,
            13.11917
          ],
          [
            77.5932008,
            13.1194482
          ],
          [
            77.5932384,
            13.1194639
          ],
          [
            77.5932665,
            13.119665
          ]
        ]
      }
    },
    {
      "type": "Feature",
      "properties": {
        "highway": "service"
      },
      "geometry": {
        "type": "LineString",
        "coordinates": [
          [
            77.59368560453825,
            13.119
          ],
          [
            77.5937735,
            13.1194722
          ],
          [
            77.5937964,
            13.1195953
          ]
        ]
      }
    },
    {
      "type": "Feature",
      "properties": {
        "highway": "footway"
      },
      "geometry": {
        "type": "LineString",
        "coordinates": [
          [
            77.5870937,
            13.1198132
          ],
          [
            77.5873871,
            13.1200601
          ]
        ]
      }
    },
    {
      "type": "Feature",
      "properties": {
        "highway": "track"
      },
      "geometry": {
        "type": "LineString",
        "coordinates": [
          [
            77.5925469,
            13.1217489
          ],
          [
            77.5925019,
            13.1209051
          ]
        ]
      }
    },
    {
      "type": "Feature",
      "properties": {
        "highway": "path"
      },
      "geometry": {
        "type": "LineString",
        "coordinates": [
          [
            77.58669712563353,
            13.119
          ],
          [
            77.5866692,
            13.1192562
          ],
          [
            77.5866764,
            13.1193995
          ],
          [
            77.5867197,
            13.1195082
          ],
          [
            77.586932,
            13.1196706
          ],
          [
            77.5870937,
            13.1198132
          ]
        ]
      }
    },
    {
      "type": "Feature",
      "properties": {
        "highway": "service"
      },
      "geometry": {
        "type": "MultiLineString",
        "coordinates": [
          [
            [
              77.5889294,
              13.1307377
            ],
            [
              77.5889272,
              13.1307926
            ],
            [
              77.58891874667421,
              13.131
            ]
          ],
          [
            [
              77.58845546077923,
              13.131
            ],
            [
              77.5884338,
              13.1307966
            ],
            [
              77.5884278,
              13.1307423
            ]
          ]
        ]
      }
    },
    {
      "type": "Feature",
      "properties": {
        "highway": "service"
      },
      "geometry": {
        "type": "LineString",
        "coordinates": [
          [
            77.5878192,
            13.1284995
          ],
          [
            77.5878225,
            13.1285892
          ],
          [
            77.587856,
            13.129057
          ]
        ]
      }
    },
    {
      "type": "Feature",
      "properties": {
        "highway": "tertiary"
      },
      "geometry": {
        "type": "LineString",
        "coordinates": [
          [
            77.5912762,
            13.1292237
          ],
          [
            77.5934336,
            13.129672
          ],
          [
            77.5949415,
            13.1295677
          ]
        ]
      }
    },
    {
      "type": "Feature",
      "properties": {
        "highway": "tertiary"
      },
      "geometry": {
        "type": "LineString",
        "coordinates": [
          [
            77.59005373163265,
            13.131
          ],
          [
            77.5901538,
            13.1307641
          ],
          [
            77.5902075,
            13.1306612
          ],
          [
            77.5902104,
            13.1306557
          ],
          [
            77.5902583,
            13.1305666
          ],
          [
            77.5909634,
            13.1293324
          ]
        ]
      }
    },
    {
      "type": "Feature",
      "properties": {
        "highway": "service"
      },
      "geometry": {
        "type": "LineString",
        "coordinates": [
          [
            77.5909638,
            13.1289741
          ],
          [
            77.5909367,
            13.1290301
          ],
          [
            77.5909178,
            13.1290715
          ],
          [
            77.5909117,
            13.1291173
          ],
          [
            77.5909187,
            13.1291509
          ],
          [
            77.5909391,
            13.1291732
          ],
          [
            77.5909923,
            13.1292103
          ]
        ]
      }
    },
    {
      "type": "Feature",
      "properties": {
        "highway": "residential"
      },
      "geometry": {
        "type": "LineString",
        "coordinates": [
          [
            77.595,
            13.12426671828213
          ],
          [
            77.5946602,
            13.1236688
          ]
        ]
      }
    },
    {
      "type": "Feature",
      "properties": {
        "highway": "service"
      },
      "geometry": {
        "type": "LineString",
        "coordinates": [
          [
            77.5828353,
            13.1203505
          ],
          [
            77.5829353,
            13.1203912
          ],
          [
            77.5830111,
            13.1204303
          ],
          [
            77.5830476,
            13.1205004
          ],
          [
            77.583063,
            13.1205533
          ],
          [
            77.5830644,
            13.1205763
          ],
          [
            77.5830881,
            13.1205816
          ],
          [
            77.584075,
            13.120736
          ]
        ]
      }
    },
    {
      "type": "Feature",
      "properties": {
        "highway": "service"
      },
      "geometry": {
        "type": "LineString",
        "coordinates": [
          [
            77.5933393,
            13.1214727
          ],
          [
            77.5928846,
            13.12065
          ],
          [
            77.5927214,
            13.1202968
          ],
          [
            77.5924918,
            13.1198652
          ],
          [
            77.5924044,
            13.1196478
          ],
          [
            77.5923807,
            13.1190895
          ],
          [
            77.59243256542145,
            13.119
          ]
        ]
      }
    },
    {
      "type": "Feature",
      "properties": {
        "highway": "service"
      },
      "geometry": {
        "type": "LineString",
        "coordinates": [
          [
            77.5937735,
            13.1194722
          ],
          [
            77.5948477,
            13.1193019
          ],
          [
            77.59479407775599,
            13.119
          ]
        ]
      }
    },
    {
      "type": "Feature",
      "properties": {
        "highway": "tertiary"
      },
      "geometry": {
        "type": "LineString",
        "coordinates": [
          [
            77.5949451,
            13.1294793
          ],
          [
            77.5934672,
            13.1295711
          ],
          [
            77.5927755,
            13.1294451
          ],
          [
            77.5913336,
            13.1291526
          ],
          [
            77.5912954,
            13.1291485
          ]
        ]
      }
    },
    {
      "type": "Feature",
      "properties": {
        "highway": "residential"
      },
      "geometry": {
        "type": "LineString",
        "coordinates": [
          [
            77.5830184,
            13.1282607
          ],
          [
            77.5829959,
            13.1275988
          ]
        ]
      }
    },
    {
      "type": "Feature",
      "properties": {
        "highway": "service"
      },
      "geometry": {
        "type": "LineString",
        "coordinates": [
          [
            77.5821036,
            13.1280731
          ],
          [
            77.5821255,
            13.1280652
          ],
          [
            77.5821473,
            13.1280359
          ],
          [
            77.5821623,
            13.1279907
          ],
          [
            77.582161,
            13.1277991
          ],
          [
            77.5821649,
            13.1276363
          ]
        ]
      }
    },
    {
      "type": "Feature",
      "properties": {
        "highway": "service"
      },
      "geometry": {
        "type": "LineString",
        "coordinates": [
          [
            77.5914387,
            13.1229848
          ],
          [
            77.5915142,
            13.1231635
          ],
          [
            77.5915861,
            13.1233338
          ],
          [
            77.5906989,
            13.1237579
          ]
        ]
      }
    },
    {
      "type": "Feature",
      "properties": {
        "highway": "service"
      },
      "geometry": {
        "type": "LineString",
        "coordinates": [
          [
            77.5906195,
            13.1235868
          ],
          [
            77.5915142,
            13.1231635
          ],
          [
            77.5917912,
            13.1230325
          ]
        ]
      }
    },
    {
      "type": "Feature",
      "properties": {
        "highway": "service"
      },
      "geometry": {
        "type": "LineString",
        "coordinates": [
          [
            77.5908994,
            13.1239328
          ],
          [
            77.5908766,
            13.1239428
          ],
          [
            77.5908002,
            13.1239764
          ],
          [
            77.5906989,
            13.1237579
          ],
          [
            77.5906195,
            13.1235868
          ],
          [
            77.5905264,
            13.1233862
          ],
          [
            77.5914387,
            13.1229848
          ],
          [
            77.5917062,
            13.1228672
          ],
          [
            77.5914932,
            13.1224081
          ],
          [
            77.5916794,
            13.1223315
          ],
          [
            77.5917268,
            13.1223121
          ]
        ]
      }
    },
    {
      "type": "Feature",
      "properties": {
        "highway": "service"
      },
      "geometry": {
        "type": "LineString",
        "coordinates": [
          [
            77.5908601,
            13.1238434
          ],
          [
            77.5920977,
            13.1232551
          ],
          [
            77.5921086,
            13.1232499
          ],
          [
            77.5921417,
            13.1232342
          ],
          [
            77.5922588,
            13.1231786
          ]
        ]
      }
    },
    {
      "type": "Feature",
      "properties": {
        "highway": "service"
      },
      "geometry": {
        "type": "LineString",
        "coordinates": [
          [
            77.5909072,
            13.1239506
          ],
          [
            77.5921464,
            13.1233619
          ],
          [
            77.5921562,
            13.1233572
          ],
          [
            77.5921886,
            13.1233419
          ],
          [
            77.5923102,
            13.123284
          ]
        ]
      }
    },
    {
      "type": "Feature",
      "properties": {
        "highway": "footway"
      },
      "geometry": {
        "type": "LineString",
        "coordinates": [
          [
            77.5908763,
            13.125061
          ],
          [
            77.5911518,
            13.1251087
          ],
          [
            77.5914694,
            13.1251636
          ]
        ]
      }
    },
    {
      "type": "Feature",
      "properties": {
        "highway": "footway"
      },
      "geometry": {
        "type": "LineString",
        "coordinates": [
          [
            77.5912831,
            13.1261135
          ],
          [
            77.5913145,
            13.1261151
          ],
          [
            77.5914453,
            13.1261288
          ],
          [
            77.5914713,
            13.1261268
          ],
          [
            77.5915227,
            13.1261192
          ],
          [
            77.5916136,
            13.1261001
          ],
          [
            77.5916847,
            13.1260785
          ],
          [
            77.5917993,
            13.1260661
          ]
        ]
      }
    },
    {
      "type": "Feature",
      "properties": {
        "highway": "service"
      },
      "geometry": {
        "type": "LineString",
        "coordinates": [
          [
            77.5918576,
            13.1263757
          ],
          [
            77.5917993,
            13.1260661
          ],
          [
            77.5918436,
            13.1259602
          ]
        ]
      }
    },
    {
      "type": "Feature",
      "properties": {
        "highway": "footway"
      },
      "geometry": {
        "type": "LineString",
        "coordinates": [
          [
            77.5918677,
            13.1264671
          ],
          [
            77.5918813,
            13.1263711
          ]
        ]
      }
    },
    {
      "type": "Feature",
      "properties": {
        "highway": "footway"
      },
      "geometry": {
        "type": "LineString",
        "coordinates": [
          [
            77.5916237,
            13.1265363
          ],
          [
            77.5916075,
            13.1264248
          ]
        ]
      }
    },
    {
      "type": "Feature",
      "properties": {
        "highway": "footway"
      },
      "geometry": {
        "type": "LineString",
        "coordinates": [
          [
            77.5909424,
            13.1254105
          ],
          [
            77.5910983,
            13.1253781
          ],
          [
            77.591115,
            13.1253788
          ],
          [
            77.5911308,
            13.125384
          ],
          [
            77.5911444,
            13.1253932
          ],
          [
            77.5911549,
            13.1254056
          ],
          [
            77.5911678,
            13.1254166
          ],
          [
            77.5911828,
            13.1254248
          ],
          [
            77.5912021,
            13.1254304
          ],
          [
            77.5912223,
            13.1254313
          ],
          [
            77.5912421,
            13.1254274
          ],
          [
            77.5912785,
            13.1254141
          ],
          [
            77.5915412,
            13.1253164
          ]
        ]
      }
    },
    {
      "type": "Feature",
      "properties": {
        "highway": "footway"
      },
      "geometry": {
        "type": "LineString",
        "coordinates": [
          [
            77.5912831,
            13.1261135
          ],
          [
            77.5912931,
            13.1260413
          ],
          [
            77.5913333,
            13.1260099
          ],
          [
            77.5913743,
            13.1259473
          ],
          [
            77.5913937,
            13.1258526
          ],
          [
            77.5913878,
            13.1258016
          ],
          [
            77.5913782,
            13.1257194
          ],
          [
            77.5913548,
            13.1255933
          ],
          [
            77.5913214,
            13.125524
          ],
          [
            77.5912785,
            13.1254141
          ]
        ]
      }
    },
    {
      "type": "Feature",
      "properties": {
        "highway": "footway"
      },
      "geometry": {
        "type": "LineString",
        "coordinates": [
          [
            77.5909658,
            13.1265506
          ],
          [
            77.5909042,
            13.126231
          ],
          [
            77.5909021,
            13.1262202
          ],
          [
            77.5909625,
            13.1260948
          ],
          [
            77.5909554,
            13.1258531
          ],
          [
            77.5909424,
            13.1254105
          ],
          [
            77.5908572,
            13.1251819
          ]
        ]
      }
    },
    {
      "type": "Feature",
      "properties": {
        "highway": "service"
      },
      "geometry": {
        "type": "LineString",
        "coordinates": [
          [
            77.5811694,
            13.1262577
          ],
          [
            77.5811694,
            13.1263092
          ],
          [
            77.5811453,
            13.1266331
          ],
          [
            77.5811524,
            13.1269575
          ],
          [
            77.5811741,
            13.1272444
          ],
          [
            77.5811282,
            13.1276503
          ]
        ]
      }
    },
    {
      "type": "Feature",
      "properties": {
        "highway": "service"
      },
      "geometry": {
        "type": "LineString",
        "coordinates": [
          [
            77.5806925,
            13.1278607
          ],
          [
            77.5800003,
            13.1278297
          ],
          [
            77.58,
            13.127829751818181
          ]
        ]
      }
    },
    {
      "type": "Feature",
      "properties": {
        "highway": "residential"
      },
      "geometry": {
        "type": "LineString",
        "coordinates": [
          [
            77.58,
            13.126375826700805
          ],
          [
            77.5801868,
            13.1260959
          ]
        ]
      }
    },
    {
      "type": "Feature",
      "properties": {
        "highway": "residential"
      },
      "geometry": {
        "type": "LineString",
        "coordinates": [
          [
            77.5850034,
            13.1196007
          ],
          [
            77.58496438905581,
            13.119
          ]
        ]
      }
    },
    {
      "type": "Feature",
      "properties": {
        "highway": "residential"
      },
      "geometry": {
        "type": "LineString",
        "coordinates": [
          [
            77.5851443,
            13.1196037
          ],
          [
            77.5851847,
            13.1191874
          ],
          [
            77.5851761,
            13.1191622
          ],
          [
            77.5851592,
            13.119147
          ],
          [
            77.5851313,
            13.1191362
          ],
          [
            77.5851106,
            13.1191191
          ],
          [
            77.5851002,
            13.1190903
          ],
          [
            77.5851001,
            13.1190658
          ],
          [
            77.58510172531841,
            13.119
          ]
        ]
      }
    },
    {
      "type": "Feature",
      "properties": {
        "highway": "service"
      },
      "geometry": {
        "type": "LineString",
        "coordinates": [
          [
            77.5830644,
            13.1205763
          ],
          [
            77.5829519,
            13.1205604
          ]
        ]
      }
    },
    {
      "type": "Feature",
      "properties": {
        "highway": "residential"
      },
      "geometry": {
        "type": "LineString",
        "coordinates": [
          [
            77.5831302,
            13.1200993
          ],
          [
            77.583115,
            13.1203239
          ]
        ]
      }
    },
    {
      "type": "Feature",
      "properties": {
        "highway": "residential"
      },
      "geometry": {
        "type": "LineString",
        "coordinates": [
          [
            77.5834231,
            13.1201462
          ],
          [
            77.583406,
            13.1203688
          ]
        ]
      }
    },
    {
      "type": "Feature",
      "properties": {
        "highway": "residential"
      },
      "geometry": {
        "type": "LineString",
        "coordinates": [
          [
            77.5839905,
            13.120244
          ],
          [
            77.5839847,
            13.1204477
          ]
        ]
      }
    },
    {
      "type": "Feature",
      "properties": {
        "highway": "residential"
      },
      "geometry": {
        "type": "LineString",
        "coordinates": [
          [
            77.5837092,
            13.1201936
          ],
          [
            77.5836976,
            13.1203804
          ]
        ]
      }
    },
    {
      "type": "Feature",
      "properties": {
        "highway": "residential"
      },
      "geometry": {
        "type": "LineString",
        "coordinates": [
          [
            77.5843137,
            13.1207782
          ],
          [
            77.5841808,
            13.1207597
          ]
        ]
      }
    },
    {
      "type": "Feature",
      "properties": {
        "highway": "residential"
      },
      "geometry": {
        "type": "LineString",
        "coordinates": [
          [
            77.5842756,
            13.1301134
          ],
          [
            77.5842938,
            13.1302019
          ],
          [
            77.5842347,
            13.1305095
          ]
        ]
      }
    },
    {
      "type": "Feature",
      "properties": {
        "highway": "residential"
      },
      "geometry": {
        "type": "LineString",
        "coordinates": [
          [
            77.58,
            13.128675291643454
          ],
          [
            77.5802392,
            13.1286603
          ]
        ]
      }
    },
    {
      "type": "Feature",
      "properties": {
        "highway": "service"
      },
      "geometry": {
        "type": "LineString",
        "coordinates": [
          [
            77.5913259,
            13.1244192
          ],
          [
            77.5924165,
            13.1239443
          ],
          [
            77.592465,
            13.1239232
          ]
        ]
      }
    },
    {
      "type": "Feature",
      "properties": {
        "highway": "service"
      },
      "geometry": {
        "type": "LineString",
        "coordinates": [
          [
            77.5914547,
            13.124683
          ],
          [
            77.5925848,
            13.1241707
          ],
          [
            77.5927139,
            13.1241121
          ]
        ]
      }
    },
    {
      "type": "Feature",
      "properties": {
        "highway": "footway"
      },
      "geometry": {
        "type": "LineString",
        "coordinates": [
          [
            77.5906057,
            13.1249439
          ],
          [
            77.5906114,
            13.1249028
          ],
          [
            77.5906406,
            13.1246921
          ],
          [
            77.5906432,
            13.1246606
          ],
          [
            77.590638,
            13.1246294
          ],
          [
            77.5906244,
            13.1245989
          ],
          [
            77.5906034,
            13.1245727
          ],
          [
            77.5905763,
            13.1245524
          ],
          [
            77.5905505,
            13.1245353
          ],
          [
            77.5905307,
            13.1245119
          ],
          [
            77.5905211,
            13.1244926
          ],
          [
            77.5905157,
            13.1244719
          ],
          [
            77.5905146,
            13.1244505
          ],
          [
            77.5905155,
            13.1244268
          ],
          [
            77.5905199,
            13.1244035
          ],
          [
            77.5905277,
            13.1243813
          ],
          [
            77.5905387,
            13.1243604
          ],
          [
            77.5905433,
            13.1243508
          ],
          [
            77.5905562,
            13.1243237
          ],
          [
            77.5905709,
            13.1242859
          ],
          [
            77.5905852,
            13.1242381
          ],
          [
            77.590595,
            13.1241893
          ],
          [
            77.5905962,
            13.124164
          ],
          [
            77.5906031,
            13.1241397
          ],
          [
            77.590619,
            13.1241122
          ],
          [
            77.590642,
            13.12409
          ],
          [
            77.5907855,
            13.1240051
          ],
          [
            77.5908002,
            13.1239764
          ]
        ]
      }
    },
    {
      "type": "Feature",
      "properties": {
        "highway": "footway"
      },
      "geometry": {
        "type": "LineString",
        "coordinates": [
          [
            77.5912591,
            13.1254882
          ],
          [
            77.5909917,
            13.1254833
          ],
          [
            77.590992,
            13.1261073
          ],
          [
            77.5911188,
            13.1261079
          ]
        ]
      }
    },
    {
      "type": "Feature",
      "properties": {
        "highway": "footway"
      },
      "geometry": {
        "type": "LineString",
        "coordinates": [
          [
            77.5917052,
            13.1260441
          ],
          [
            77.5916082,
            13.126088
          ],
          [
            77.5913029,
            13.125468
          ]
        ]
      }
    },
    {
      "type": "Feature",
      "properties": {
        "highway": "footway"
      },
      "geometry": {
        "type": "LineString",
        "coordinates": [
          [
            77.591119,
            13.1262099
          ],
          [
            77.5916687,
            13.1261015
          ],
          [
            77.59169,
            13.126193
          ]
        ]
      }
    },
    {
      "type": "Feature",
      "properties": {
        "highway": "footway"
      },
      "geometry": {
        "type": "LineString",
        "coordinates": [
          [
            77.5916687,
            13.1261015
          ],
          [
            77.5917052,
            13.1260441
          ],
          [
            77.5917005,
            13.1260348
          ]
        ]
      }
    },
    {
      "type": "Feature",
      "properties": {
        "highway": "footway"
      },
      "geometry": {
        "type": "LineString",
        "coordinates": [
          [
            77.591259,
            13.1255019
          ],
          [
            77.5912591,
            13.1254882
          ],
          [
            77.5913029,
            13.125468
          ],
          [
            77.5913983,
            13.125424
          ]
        ]
      }
    },
    {
      "type": "Feature",
      "properties": {
        "highway": "footway"
      },
      "geometry": {
        "type": "LineString",
        "coordinates": [
          [
            77.5914029,
            13.1254346
          ],
          [
            77.5913983,
            13.125424
          ],
          [
            77.59138,
            13.125372
          ],
          [
            77.5913918,
            13.1253109
          ]
        ]
      }
    },
    {
      "type": "Feature",
      "properties": {
        "highway": "footway"
      },
      "geometry": {
        "type": "LineString",
        "coordinates": [
          [
            77.591119,
            13.1262125
          ],
          [
            77.591119,
            13.1262099
          ],
          [
            77.5911188,
            13.1261079
          ],
          [
            77.5911187,
            13.1261006
          ]
        ]
      }
    },
    {
      "type": "Feature",
      "properties": {
        "highway": "footway"
      },
      "geometry": {
        "type": "LineString",
        "coordinates": [
          [
            77.5915227,
            13.1261192
          ],
          [
            77.5915255,
            13.1261327
          ]
        ]
      }
    },
    {
      "type": "Feature",
      "properties": {
        "highway": "footway"
      },
      "geometry": {
        "type": "LineString",
        "coordinates": [
          [
            77.5914713,
            13.1261268
          ],
          [
            77.5914755,
            13.1261425
          ]
        ]
      }
    },
    {
      "type": "Feature",
      "properties": {
        "highway": "footway"
      },
      "geometry": {
        "type": "LineString",
        "coordinates": [
          [
            77.5912931,
            13.1260413
          ],
          [
            77.591255,
            13.1260289
          ]
        ]
      }
    },
    {
      "type": "Feature",
      "properties": {
        "highway": "footway"
      },
      "geometry": {
        "type": "LineString",
        "coordinates": [
          [
            77.5913548,
            13.1255933
          ],
          [
            77.5914536,
            13.1257731
          ]
        ]
      }
    },
    {
      "type": "Feature",
      "properties": {
        "highway": "footway"
      },
      "geometry": {
        "type": "LineString",
        "coordinates": [
          [
            77.5913878,
            13.1258016
          ],
          [
            77.5914536,
            13.1257731
          ],
          [
            77.5914634,
            13.1257899
          ],
          [
            77.5917088,
            13.1256732
          ]
        ]
      }
    },
    {
      "type": "Feature",
      "properties": {
        "highway": "footway"
      },
      "geometry": {
        "type": "LineString",
        "coordinates": [
          [
            77.5912716,
            13.1259381
          ],
          [
            77.5912557,
            13.1259381
          ]
        ]
      }
    },
    {
      "type": "Feature",
      "properties": {
        "highway": "footway"
      },
      "geometry": {
        "type": "LineString",
        "coordinates": [
          [
            77.5912721,
            13.1257585
          ],
          [
            77.5912571,
            13.1257587
          ]
        ]
      }
    },
    {
      "type": "Feature",
      "properties": {
        "highway": "footway"
      },
      "geometry": {
        "type": "LineString",
        "coordinates": [
          [
            77.5912901,
            13.1256028
          ],
          [
            77.5912583,
            13.1256025
          ]
        ]
      }
    },
    {
      "type": "Feature",
      "properties": {
        "highway": "footway"
      },
      "geometry": {
        "type": "LineString",
        "coordinates": [
          [
            77.5913601,
            13.1258408
          ],
          [
            77.5913937,
            13.1258526
          ]
        ]
      }
    },
    {
      "type": "Feature",
      "properties": {
        "highway": "footway"
      },
      "geometry": {
        "type": "LineString",
        "coordinates": [
          [
            77.5912716,
            13.1259381
          ],
          [
            77.5912961,
            13.125934
          ],
          [
            77.5913185,
            13.1259237
          ],
          [
            77.5913373,
            13.1259079
          ],
          [
            77.5913511,
            13.1258878
          ],
          [
            77.5913589,
            13.1258649
          ],
          [
            77.5913601,
            13.1258408
          ],
          [
            77.5913541,
            13.1258156
          ],
          [
            77.591341,
            13.1257931
          ],
          [
            77.5913218,
            13.1257752
          ],
          [
            77.5912982,
            13.1257634
          ],
          [
            77.5912721,
            13.1257585
          ]
        ]
      }
    },
    {
      "type": "Feature",
      "properties": {
        "highway": "footway"
      },
      "geometry": {
        "type": "LineString",
        "coordinates": [
          [
            77.5912721,
            13.1257585
          ],
          [
            77.5912716,
            13.1259381
          ]
        ]
      }
    },
    {
      "type": "Feature",
      "properties": {
        "highway": "footway"
      },
      "geometry": {
        "type": "LineString",
        "coordinates": [
          [
            77.5913214,
            13.125524
          ],
          [
            77.5912736,
            13.1255509
          ],
          [
            77.5912879,
            13.125587
          ],
          [
            77.5912901,
            13.1256028
          ],
          [
            77.5912931,
            13.1256253
          ],
          [
            77.5912909,
            13.1256531
          ],
          [
            77.5912839,
            13.1256802
          ],
          [
            77.5912723,
            13.1257056
          ],
          [
            77.5912721,
            13.1257585
          ]
        ]
      }
    },
    {
      "type": "Feature",
      "properties": {
        "highway": "footway"
      },
      "geometry": {
        "type": "LineString",
        "coordinates": [
          [
            77.5924165,
            13.1239443
          ],
          [
            77.5921562,
            13.1233572
          ],
          [
            77.5921086,
            13.1232499
          ],
          [
            77.5921044,
            13.1232404
          ]
        ]
      }
    },
    {
      "type": "Feature",
      "properties": {
        "highway": "footway"
      },
      "geometry": {
        "type": "LineString",
        "coordinates": [
          [
            77.591378,
            13.1250341
          ],
          [
            77.5906114,
            13.1249028
          ]
        ]
      }
    },
    {
      "type": "Feature",
      "properties": {
        "highway": "footway"
      },
      "geometry": {
        "type": "LineString",
        "coordinates": [
          [
            77.592138,
            13.1232257
          ],
          [
            77.5921044,
            13.1232404
          ],
          [
            77.5908284,
            13.123838
          ],
          [
            77.5908766,
            13.1239428
          ],
          [
            77.591378,
            13.1250341
          ],
          [
            77.591403,
            13.1250883
          ]
        ]
      }
    },
    {
      "type": "Feature",
      "properties": {
        "highway": "footway"
      },
      "geometry": {
        "type": "LineString",
        "coordinates": [
          [
            77.5911972,
            13.1261915
          ],
          [
            77.5913146,
            13.1261549
          ],
          [
            77.5913145,
            13.1261151
          ]
        ]
      }
    },
    {
      "type": "Feature",
      "properties": {
        "highway": "footway"
      },
      "geometry": {
        "type": "LineString",
        "coordinates": [
          [
            77.5909042,
            13.126231
          ],
          [
            77.590986,
            13.1262176
          ],
          [
            77.5910142,
            13.1262063
          ],
          [
            77.5910389,
            13.1261889
          ],
          [
            77.5910547,
            13.1261719
          ],
          [
            77.5910671,
            13.1261523
          ],
          [
            77.5911104,
            13.1261448
          ],
          [
            77.5911234,
            13.1261892
          ],
          [
            77.5911972,
            13.1261915
          ]
        ]
      }
    },
    {
      "type": "Feature",
      "properties": {
        "highway": "residential"
      },
      "geometry": {
        "type": "LineString",
        "coordinates": [
          [
            77.5820626,
            13.1225715
          ],
          [
            77.5818366,
            13.1229227
          ]
        ]
      }
    },
    {
      "type": "Feature",
      "properties": {
        "highway": "footway"
      },
      "geometry": {
        "type": "LineString",
        "coordinates": [
          [
            77.5914634,
            13.1257899
          ],
          [
            77.5916136,
            13.1261001
          ]
        ]
      }
    },
    {
      "type": "Feature",
      "properties": {
        "highway": "footway"
      },
      "geometry": {
        "type": "LineString",
        "coordinates": [
          [
            77.5911462,
            13.1251405
          ],
          [
            77.5911518,
            13.1251087
          ]
        ]
      }
    },
    {
      "type": "Feature",
      "properties": {
        "highway": "service"
      },
      "geometry": {
        "type": "LineString",
        "coordinates": [
          [
            77.5894538,
            13.1277798
          ],
          [
            77.5894172,
            13.1272355
          ],
          [
            77.589423,
            13.1268552
          ]
        ]
      }
    },
    {
      "type": "Feature",
      "properties": {
        "highway": "service"
      },
      "geometry": {
        "type": "LineString",
        "coordinates": [
          [
            77.5831351,
            13.1190875
          ],
          [
            77.5827214,
            13.119012
          ]
        ]
      }
    },
    {
      "type": "Feature",
      "properties": {
        "highway": "service"
      },
      "geometry": {
        "type": "LineString",
        "coordinates": [
          [
            77.583118,
            13.1191759
          ],
          [
            77.5831351,
            13.1190875
          ],
          [
            77.58315061631602,
            13.119
          ]
        ]
      }
    },
    {
      "type": "Feature",
      "properties": {
        "highway": "unclassified"
      },
      "geometry": {
        "type": "LineString",
        "coordinates": [
          [
            77.5832202,
            13.1191824
          ],
          [
            77.5832842,
            13.1192034
          ],
          [
            77.5833471,
            13.1192275
          ],
          [
            77.5834017,
            13.1192594
          ],
          [
            77.5835052,
            13.1193425
          ],
          [
            77.5847262,
            13.1195791
          ],
          [
            77.5848857,
            13.1195969
          ],
          [
            77.5850034,
            13.1196007
          ],
          [
            77.5851443,
            13.1196037
          ],
          [
            77.5853393,
            13.1196015
          ],
          [
            77.5855601,
            13.1196123
          ],
          [
            77.5860229,
            13.119635
          ],
          [
            77.5860901,
            13.1196383
          ]
        ]
      }
    },
    {
      "type": "Feature",
      "properties": {
        "highway": "footway"
      },
      "geometry": {
        "type": "LineString",
        "coordinates": [
          [
            77.5870011,
            13.1298963
          ],
          [
            77.58716,
            13.1298916
          ]
        ]
      }
    },
    {
      "type": "Feature",
      "properties": {
        "highway": "tertiary_link"
      },
      "geometry": {
        "type": "LineString",
        "coordinates": [
          [
            77.5900929,
            13.1306615
          ],
          [
            77.5902075,
            13.1306612
          ]
        ]
      }
    },
    {
      "type": "Feature",
      "properties": {
        "highway": "service"
      },
      "geometry": {
        "type": "LineString",
        "coordinates": [
          [
            77.5900566,
            13.1307552
          ],
          [
            77.5900005,
            13.13075
          ]
        ]
      }
    },
    {
      "type": "Feature",
      "properties": {
        "highway": "footway"
      },
      "geometry": {
        "type": "LineString",
        "coordinates": [
          [
            77.5870152,
            13.1300826
          ],
          [
            77.5874421,
            13.1300692
          ],
          [
            77.5874273,
            13.129693
          ]
        ]
      }
    },
    {
      "type": "Feature",
      "properties": {
        "highway": "footway"
      },
      "geometry": {
        "type": "LineString",
        "coordinates": [
          [
            77.5874709,
            13.1282696
          ],
          [
            77.5873858,
            13.1277326
          ],
          [
            77.5874689,
            13.1275446
          ],
          [
            77.5873688,
            13.1271727
          ]
        ]
      }
    },
    {
      "type": "Feature",
      "properties": {
        "highway": "service"
      },
      "geometry": {
        "type": "LineString",
        "coordinates": [
          [
            77.5867513,
            13.1282861
          ],
          [
            77.5867333,
            13.1278706
          ],
          [
            77.5867431,
            13.127609
          ]
        ]
      }
    },
    {
      "type": "Feature",
      "properties": {
        "highway": "footway"
      },
      "geometry": {
        "type": "LineString",
        "coordinates": [
          [
            77.5860568,
            13.1280568
          ],
          [
            77.5861801,
            13.1280069
          ],
          [
            77.5863203,
            13.1281349
          ],
          [
            77.5863874,
            13.1280696
          ]
        ]
      }
    },
    {
      "type": "Feature",
      "properties": {
        "highway": "service"
      },
      "geometry": {
        "type": "LineString",
        "coordinates": [
          [
            77.5884278,
            13.1307423
          ],
          [
            77.5883419,
            13.1295702
          ],
          [
            77.5883217,
            13.1293999
          ]
        ]
      }
    },
    {
      "type": "Feature",
      "properties": {
        "highway": "service"
      },
      "geometry": {
        "type": "LineString",
        "coordinates": [
          [
            77.5884338,
            13.1307966
          ],
          [
            77.5889272,
            13.1307926
          ],
          [
            77.5898889,
            13.1307849
          ],
          [
            77.5900005,
            13.13075
          ]
        ]
      }
    },
    {
      "type": "Feature",
      "properties": {
        "highway": "service"
      },
      "geometry": {
        "type": "LineString",
        "coordinates": [
          [
            77.5874257,
            13.128619
          ],
          [
            77.5873743,
            13.1286231
          ],
          [
            77.5873189,
            13.1286269
          ]
        ]
      }
    },
    {
      "type": "Feature",
      "properties": {
        "highway": "service"
      },
      "geometry": {
        "type": "LineString",
        "coordinates": [
          [
            77.5878225,
            13.1285892
          ],
          [
            77.5874257,
            13.128619
          ]
        ]
      }
    },
    {
      "type": "Feature",
      "properties": {
        "highway": "footway"
      },
      "geometry": {
        "type": "LineString",
        "coordinates": [
          [
            77.587375,
            13.128653
          ],
          [
            77.5873743,
            13.1286231
          ]
        ]
      }
    },
    {
      "type": "Feature",
      "properties": {
        "highway": "footway"
      },
      "geometry": {
        "type": "LineString",
        "coordinates": [
          [
            77.5873335,
            13.1292163
          ],
          [
            77.5873402,
            13.1290841
          ],
          [
            77.5873549,
            13.1288545
          ],
          [
            77.5873623,
            13.128739
          ],
          [
            77.587375,
            13.128653
          ]
        ]
      }
    },
    {
      "type": "Feature",
      "properties": {
        "highway": "service"
      },
      "geometry": {
        "type": "LineString",
        "coordinates": [
          [
            77.5873189,
            13.1286269
          ],
          [
            77.5869378,
            13.1286554
          ],
          [
            77.5869439,
            13.1291086
          ]
        ]
      }
    },
    {
      "type": "Feature",
      "properties": {
        "highway": "service"
      },
      "geometry": {
        "type": "LineString",
        "coordinates": [
          [
            77.5883217,
            13.1293999
          ],
          [
            77.5881766,
            13.129413
          ]
        ]
      }
    },
    {
      "type": "Feature",
      "properties": {
        "highway": "service"
      },
      "geometry": {
        "type": "LineString",
        "coordinates": [
          [
            77.5925469,
            13.1217489
          ],
          [
            77.5917536,
            13.1220516
          ]
        ]
      }
    },
    {
      "type": "Feature",
      "properties": {
        "highway": "residential"
      },
      "geometry": {
        "type": "LineString",
        "coordinates": [
          [
            77.58,
            13.12487091311476
          ],
          [
            77.5801824,
            13.1245837
          ],
          [
            77.5806543,
            13.1238407
          ],
          [
            77.5816256,
            13.1223115
          ]
        ]
      }
    },
    {
      "type": "Feature",
      "properties": {
        "highway": "residential"
      },
      "geometry": {
        "type": "LineString",
        "coordinates": [
          [
            77.5816256,
            13.1223115
          ],
          [
            77.5820548,
            13.1216388
          ],
          [
            77.5822091,
            13.1213841
          ],
          [
            77.5824041,
            13.1210622
          ],
          [
            77.5825518,
            13.1208184
          ],
          [
            77.5828353,
            13.1203505
          ],
          [
            77.5830001,
            13.1200785
          ],
          [
            77.5832001,
            13.1197822
          ],
          [
            77.5833749,
            13.1195171
          ],
          [
            77.5835052,
            13.1193425
          ]
        ]
      }
    },
    {
      "type": "Feature",
      "properties": {
        "highway": "residential"
      },
      "geometry": {
        "type": "LineString",
        "coordinates": [
          [
            77.5949451,
            13.1294793
          ],
          [
            77.5949415,
            13.1295677
          ]
        ]
      }
    },
    {
      "type": "Feature",
      "properties": {
        "highway": "tertiary"
      },
      "geometry": {
        "type": "LineString",
        "coordinates": [
          [
            77.595,
            13.129477963056996
          ],
          [
            77.5949451,
            13.1294793
          ]
        ]
      }
    },
    {
      "type": "Feature",
      "properties": {
        "highway": "residential"
      },
      "geometry": {
        "type": "LineString",
        "coordinates": [
          [
            77.5916412,
            13.1221084
          ],
          [
            77.5917536,
            13.1220516
          ]
        ]
      }
    },
    {
      "type": "Feature",
      "properties": {
        "highway": "tertiary"
      },
      "geometry": {
        "type": "LineString",
        "coordinates": [
          [
            77.5909335,
            13.1292783
          ],
          [
            77.5909074,
            13.1293065
          ]
        ]
      }
    },
    {
      "type": "Feature",
      "properties": {
        "highway": "tertiary"
      },
      "geometry": {
        "type": "LineString",
        "coordinates": [
          [
            77.5912954,
            13.1291485
          ],
          [
            77.5912222,
            13.1291608
          ]
        ]
      }
    },
    {
      "type": "Feature",
      "properties": {
        "highway": "tertiary"
      },
      "geometry": {
        "type": "LineString",
        "coordinates": [
          [
            77.5912222,
            13.1291608
          ],
          [
            77.5911681,
            13.1291651
          ],
          [
            77.5910929,
            13.1291698
          ],
          [
            77.5910521,
            13.1291792
          ],
          [
            77.5910158,
            13.129191
          ],
          [
            77.5909923,
            13.1292103
          ],
          [
            77.5909335,
            13.1292783
          ]
        ]
      }
    },
    {
      "type": "Feature",
      "properties": {
        "highway": "service"
      },
      "geometry": {
        "type": "LineString",
        "coordinates": [
          [
            77.5885076,
            13.12724
          ],
          [
            77.5894172,
            13.1272355
          ]
        ]
      }
    },
    {
      "type": "Feature",
      "properties": {
        "highway": "service"
      },
      "geometry": {
        "type": "LineString",
        "coordinates": [
          [
            77.5892646,
            13.1277889
          ],
          [
            77.5894538,
            13.1277798
          ]
        ]
      }
    },
    {
      "type": "Feature",
      "properties": {
        "highway": "service"
      },
      "geometry": {
        "type": "LineString",
        "coordinates": [
          [
            77.5911401,
            13.1289795
          ],
          [
            77.5910767,
            13.129133
          ]
        ]
      }
    },
    {
      "type": "Feature",
      "properties": {
        "highway": "service"
      },
      "geometry": {
        "type": "LineString",
        "coordinates": [
          [
            77.5910767,
            13.129133
          ],
          [
            77.5910521,
            13.1291792
          ]
        ]
      }
    },
    {
      "type": "Feature",
      "properties": {
        "highway": "service"
      },
      "geometry": {
        "type": "LineString",
        "coordinates": [
          [
            77.5933393,
            13.1214727
          ],
          [
            77.5925469,
            13.1217489
          ]
        ]
      }
    },
    {
      "type": "Feature",
      "properties": {
        "highway": "service"
      },
      "geometry": {
        "type": "LineString",
        "coordinates": [
          [
            77.5927214,
            13.1202968
          ],
          [
            77.5926456,
            13.1202453
          ],
          [
            77.5924988,
            13.120079
          ],
          [
            77.5923522,
            13.119752
          ],
          [
            77.5922909,
            13.1195661
          ],
          [
            77.5922643,
            13.1193763
          ],
          [
            77.592277,
            13.1190712
          ],
          [
            77.5922938111111,
            13.119
          ]
        ]
      }
    },
    {
      "type": "Feature",
      "properties": {
        "highway": "service"
      },
      "geometry": {
        "type": "LineString",
        "coordinates": [
          [
            77.592277,
            13.1190712
          ],
          [
            77.5923807,
            13.1190895
          ]
        ]
      }
    },
    {
      "type": "Feature",
      "properties": {
        "highway": "service"
      },
      "geometry": {
        "type": "LineString",
        "coordinates": [
          [
            77.5898374,
            13.1236409
          ],
          [
            77.5898384,
            13.1230293
          ],
          [
            77.5898546,
            13.1229264
          ],
          [
            77.5899064,
            13.1228868
          ],
          [
            77.5915908,
            13.1221221
          ],
          [
            77.5916412,
            13.1221084
          ]
        ]
      }
    },
    {
      "type": "Feature",
      "properties": {
        "highway": "service"
      },
      "geometry": {
        "type": "LineString",
        "coordinates": [
          [
            77.5902805,
            13.1234896
          ],
          [
            77.5905264,
            13.1233862
          ]
        ]
      }
    },
    {
      "type": "Feature",
      "properties": {
        "highway": "track"
      },
      "geometry": {
        "type": "LineString",
        "coordinates": [
          [
            77.5844347,
            13.126274
          ],
          [
            77.5844658,
            13.1262621
          ],
          [
            77.5846277,
            13.1262661
          ],
          [
            77.5847131,
            13.1262682
          ],
          [
            77.5848859,
            13.1262735
          ]
        ]
      }
    },
    {
      "type": "Feature",
      "properties": {
        "highway": "track"
      },
      "geometry": {
        "type": "LineString",
        "coordinates": [
          [
            77.5846277,
            13.1262661
          ],
          [
            77.5846624,
            13.125767
          ],
          [
            77.5847293,
            13.124926
          ],
          [
            77.5847938,
            13.124533
          ],
          [
            77.5848342,
            13.1243118
          ],
          [
            77.5848516,
            13.1241994
          ],
          [
            77.5848243,
            13.1241266
          ],
          [
            77.5845997,
            13.124127
          ],
          [
            77.5845175,
            13.1241282
          ],
          [
            77.5844442,
            13.1240733
          ],
          [
            77.5843705,
            13.1239503
          ]
        ]
      }
    },
    {
      "type": "Feature",
      "properties": {
        "highway": "residential"
      },
      "geometry": {
        "type": "LineString",
        "coordinates": [
          [
            77.5916412,
            13.1221084
          ],
          [
            77.5917268,
            13.1223121
          ],
          [
            77.592138,
            13.1232257
          ],
          [
            77.5921417,
            13.1232342
          ],
          [
            77.5921886,
            13.1233419
          ],
          [
            77.592465,
            13.1239232
          ]
        ]
      }
    },
    {
      "type": "Feature",
      "properties": {
        "highway": "tertiary"
      },
      "geometry": {
        "type": "LineString",
        "coordinates": [
          [
            77.5909634,
            13.1293324
          ],
          [
            77.591008,
            13.1292728
          ],
          [
            77.5910351,
            13.1292352
          ],
          [
            77.5910616,
            13.1292167
          ],
          [
            77.5910898,
            13.1292036
          ],
          [
            77.5911298,
            13.1292001
          ],
          [
            77.5911822,
            13.1292092
          ],
          [
            77.5912762,
            13.1292237
          ]
        ]
      }
    },
    {
      "type": "Feature",
      "properties": {
        "highway": "tertiary_link"
      },
      "geometry": {
        "type": "LineString",
        "coordinates": [
          [
            77.5909634,
            13.1293324
          ],
          [
            77.5909074,
            13.1293065
          ]
        ]
      }
    },
    {
      "type": "Feature",
      "properties": {
        "highway": "tertiary_link"
      },
      "geometry": {
        "type": "LineString",
        "coordinates": [
          [
            77.5912954,
            13.1291485
          ],
          [
            77.5912762,
            13.1292237
          ]
        ]
      }
    },
    {
      "type": "Feature",
      "properties": {
        "highway": "residential"
      },
      "geometry": {
        "type": "LineString",
        "coordinates": [
          [
            77.58,
            13.128385393333298
          ],
          [
            77.5800084,
            13.1284301
          ]
        ]
      }
    },
    {
      "type": "Feature",
      "properties": {
        "highway": "residential"
      },
      "geometry": {
        "type": "LineString",
        "coordinates": [
          [
            77.5811244,
            13.1289603
          ],
          [
            77.5811474,
            13.128791
          ]
        ]
      }
    },
    {
      "type": "Feature",
      "properties": {
        "highway": "residential"
      },
      "geometry": {
        "type": "LineString",
        "coordinates": [
          [
            77.5809097,
            13.1297199
          ],
          [
            77.5810938,
            13.1297488
          ],
          [
            77.5812547,
            13.1297975
          ],
          [
            77.5813888,
            13.1298532
          ],
          [
            77.5815855,
            13.1298654
          ],
          [
            77.5818484,
            13.1298619
          ],
          [
            77.5821076,
            13.1298915
          ]
        ]
      }
    },
    {
      "type": "Feature",
      "properties": {
        "highway": "residential"
      },
      "geometry": {
        "type": "LineString",
        "coordinates": [
          [
            77.5808399,
            13.1309785
          ],
          [
            77.5808077,
            13.1309277
          ],
          [
            77.5808014,
            13.1308963
          ],
          [
            77.5808005,
            13.1307823
          ],
          [
            77.5808146,
            13.1307085
          ],
          [
            77.580832,
            13.1306784
          ],
          [
            77.5808664,
            13.1306636
          ],
          [
            77.5809684,
            13.1306593
          ],
          [
            77.5810073,
            13.1306541
          ],
          [
            77.5810292,
            13.1306488
          ],
          [
            77.5811566,
            13.1306488
          ],
          [
            77.5812844,
            13.1306449
          ],
          [
            77.5813064,
            13.130641
          ],
          [
            77.5813385,
            13.1306353
          ],
          [
            77.581436,
            13.1306144
          ],
          [
            77.5815933,
            13.1306083
          ],
          [
            77.5819626,
            13.1305962
          ],
          [
            77.582153,
            13.1305975
          ],
          [
            77.582187,
            13.1306062
          ],
          [
            77.5822147,
            13.1306271
          ],
          [
            77.5822478,
            13.130631
          ],
          [
            77.5825035,
            13.1306427
          ],
          [
            77.5825565,
            13.1306562
          ],
          [
            77.5825949,
            13.1306606
          ]
        ]
      }
    },
    {
      "type": "Feature",
      "properties": {
        "highway": "residential"
      },
      "geometry": {
        "type": "LineString",
        "coordinates": [
          [
            77.5813064,
            13.130641
          ],
          [
            77.5813007,
            13.1304784
          ]
        ]
      }
    },
    {
      "type": "Feature",
      "properties": {
        "highway": "service"
      },
      "geometry": {
        "type": "LineString",
        "coordinates": [
          [
            77.5821076,
            13.1298915
          ],
          [
            77.5825884,
            13.1299617
          ]
        ]
      }
    },
    {
      "type": "Feature",
      "properties": {
        "highway": "tertiary"
      },
      "geometry": {
        "type": "LineString",
        "coordinates": [
          [
            77.5949415,
            13.1295677
          ],
          [
            77.595,
            13.129566101981789
          ]
        ]
      }
    },
    {
      "type": "Feature",
      "properties": {
        "highway": "service"
      },
      "geometry": {
        "type": "LineString",
        "coordinates": [
          [
            77.5882693,
            13.1290265
          ],
          [
            77.587856,
            13.129057
          ]
        ]
      }
    },
    {
      "type": "Feature",
      "properties": {
        "highway": "service"
      },
      "geometry": {
        "type": "LineString",
        "coordinates": [
          [
            77.587856,
            13.129057
          ],
          [
            77.5878718,
            13.1291353
          ],
          [
            77.5878882,
            13.129205
          ],
          [
            77.5879058,
            13.1292675
          ],
          [
            77.5879532,
            13.1293267
          ],
          [
            77.5879781,
            13.1293484
          ],
          [
            77.5880425,
            13.1293859
          ],
          [
            77.5881766,
            13.129413
          ]
        ]
      }
    },
    {
      "type": "Feature",
      "properties": {
        "highway": "path"
      },
      "geometry": {
        "type": "LineString",
        "coordinates": [
          [
            77.5863343,
            13.1291849
          ],
          [
            77.5862155,
            13.1292116
          ],
          [
            77.5861145,
            13.1292239
          ],
          [
            77.5861054,
            13.1292889
          ],
          [
            77.5860874,
            13.1294013
          ],
          [
            77.5860856,
            13.1295102
          ],
          [
            77.586106,
            13.1296446
          ],
          [
            77.5861258,
            13.129694
          ],
          [
            77.5861351,
            13.1297172
          ],
          [
            77.5861424,
            13.1297482
          ],
          [
            77.5860674,
            13.1300091
          ]
        ]
      }
    },
    {
      "type": "Feature",
      "properties": {
        "highway": "footway"
      },
      "geometry": {
        "type": "LineString",
        "coordinates": [
          [
            77.5905433,
            13.1243508
          ],
          [
            77.5904992,
            13.1243908
          ],
          [
            77.5904529,
            13.1244283
          ],
          [
            77.5904078,
            13.1244608
          ],
          [
            77.590361,
            13.124491
          ],
          [
            77.5903317,
            13.1245172
          ],
          [
            77.5903074,
            13.1245478
          ],
          [
            77.5902934,
            13.1245722
          ],
          [
            77.5902826,
            13.1245981
          ],
          [
            77.5902281,
            13.124876
          ]
        ]
      }
    },
    {
      "type": "Feature",
      "properties": {
        "highway": "service"
      },
      "geometry": {
        "type": "LineString",
        "coordinates": [
          [
            77.5886031,
            13.1247687
          ],
          [
            77.5884305,
            13.1250863
          ],
          [
            77.5879903,
            13.1258966
          ],
          [
            77.5878002,
            13.1262464
          ],
          [
            77.5874783,
            13.1263326
          ],
          [
            77.5875735,
            13.1266956
          ]
        ]
      }
    },
    {
      "type": "Feature",
      "properties": {
        "highway": "service"
      },
      "geometry": {
        "type": "LineString",
        "coordinates": [
          [
            77.5894262,
            13.1266702
          ],
          [
            77.58944,
            13.1261918
          ],
          [
            77.5894365,
            13.126051
          ],
          [
            77.5894336,
            13.1259368
          ],
          [
            77.5894248,
            13.1259196
          ],
          [
            77.5893258,
            13.1257263
          ],
          [
            77.5888638,
            13.1248238
          ]
        ]
      }
    },
    {
      "type": "Feature",
      "properties": {
        "highway": "service"
      },
      "geometry": {
        "type": "LineString",
        "coordinates": [
          [
            77.5885806,
            13.1246619
          ],
          [
            77.5885942,
            13.1246138
          ],
          [
            77.5886216,
            13.1245711
          ],
          [
            77.5886602,
            13.124538
          ],
          [
            77.5887068,
            13.1245166
          ],
          [
            77.5887579,
            13.1245093
          ],
          [
            77.5888088,
            13.1245163
          ],
          [
            77.5888558,
            13.124537
          ],
          [
            77.588895,
            13.1245704
          ],
          [
            77.5889228,
            13.1246133
          ],
          [
            77.5889343,
            13.1246536
          ],
          [
            77.5889369,
            13.1246625
          ],
          [
            77.5889357,
            13.1247133
          ],
          [
            77.5889196,
            13.1247617
          ],
          [
            77.5888899,
            13.1248034
          ],
          [
            77.5888638,
            13.1248238
          ],
          [
            77.5888492,
            13.1248352
          ],
          [
            77.5888008,
            13.1248541
          ],
          [
            77.5887515,
            13.1248587
          ],
          [
            77.5887029,
            13.1248504
          ],
          [
            77.5886583,
            13.1248291
          ],
          [
            77.5886216,
            13.124797
          ],
          [
            77.5886031,
            13.1247687
          ],
          [
            77.5885951,
            13.1247564
          ],
          [
            77.5885811,
            13.1247101
          ],
          [
            77.5885806,
            13.1246619
          ]
        ]
      }
    },
    {
      "type": "Feature",
      "properties": {
        "highway": "service"
      },
      "geometry": {
        "type": "LineString",
        "coordinates": [
          [
            77.5902805,
            13.1234896
          ],
          [
            77.5898374,
            13.1236409
          ],
          [
            77.5892135,
            13.1238539
          ],
          [
            77.5891488,
            13.1238836
          ],
          [
            77.5890882,
            13.1239207
          ],
          [
            77.5890326,
            13.1239646
          ],
          [
            77.588988,
            13.1240092
          ],
          [
            77.5889485,
            13.1240581
          ],
          [
            77.5889146,
            13.1241109
          ],
          [
            77.5887068,
            13.1245166
          ]
        ]
      }
    },
    {
      "type": "Feature",
      "properties": {
        "highway": "service"
      },
      "geometry": {
        "type": "LineString",
        "coordinates": [
          [
            77.5880642,
            13.1266723
          ],
          [
            77.5875735,
            13.1266956
          ]
        ]
      }
    },
    {
      "type": "Feature",
      "properties": {
        "highway": "service"
      },
      "geometry": {
        "type": "LineString",
        "coordinates": [
          [
            77.589423,
            13.1268552
          ],
          [
            77.5893476,
            13.1267079
          ]
        ]
      }
    },
    {
      "type": "Feature",
      "properties": {
        "highway": "service"
      },
      "geometry": {
        "type": "LineString",
        "coordinates": [
          [
            77.5893424,
            13.1267139
          ],
          [
            77.5893476,
            13.1267079
          ],
          [
            77.5893604,
            13.1266929
          ],
          [
            77.5893839,
            13.1266779
          ],
          [
            77.5894107,
            13.1266701
          ],
          [
            77.5894262,
            13.1266702
          ],
          [
            77.5894388,
            13.1266702
          ],
          [
            77.5894656,
            13.1266782
          ],
          [
            77.5894889,
            13.1266935
          ],
          [
            77.5895067,
            13.1267146
          ],
          [
            77.589518,
            13.126742
          ],
          [
            77.58952,
            13.1267716
          ],
          [
            77.5895123,
            13.1268002
          ],
          [
            77.5894959,
            13.1268251
          ],
          [
            77.5894723,
            13.1268438
          ],
          [
            77.5894439,
            13.1268543
          ],
          [
            77.589423,
            13.1268552
          ],
          [
            77.5894135,
            13.1268556
          ],
          [
            77.5893828,
            13.126847
          ],
          [
            77.5893567,
            13.1268291
          ],
          [
            77.5893381,
            13.1268038
          ],
          [
            77.589329,
            13.1267739
          ],
          [
            77.5893305,
            13.1267428
          ],
          [
            77.5893424,
            13.1267139
          ]
        ]
      }
    },
    {
      "type": "Feature",
      "properties": {
        "highway": "track"
      },
      "geometry": {
        "type": "LineString",
        "coordinates": [
          [
            77.5886724,
            13.1209342
          ],
          [
            77.5887376,
            13.1203416
          ],
          [
            77.5892928,
            13.120177
          ],
          [
            77.5894296,
            13.1201012
          ],
          [
            77.5895691,
            13.1200856
          ],
          [
            77.5899258,
            13.1195501
          ],
          [
            77.5901484,
            13.119456
          ]
        ]
      }
    },
    {
      "type": "Feature",
      "properties": {
        "highway": "track"
      },
      "geometry": {
        "type": "LineString",
        "coordinates": [
          [
            77.5898546,
            13.1229264
          ],
          [
            77.5898125,
            13.1228735
          ],
          [
            77.5897749,
            13.1228175
          ],
          [
            77.589742,
            13.1227588
          ],
          [
            77.5897139,
            13.1226978
          ],
          [
            77.5896874,
            13.1226232
          ],
          [
            77.5896682,
            13.1225465
          ],
          [
            77.5896564,
            13.1224684
          ],
          [
            77.5896522,
            13.1223895
          ],
          [
            77.5896522,
            13.1218383
          ],
          [
            77.5896036,
            13.1218022
          ],
          [
            77.5895497,
            13.1217739
          ],
          [
            77.589492,
            13.121754
          ],
          [
            77.5894318,
            13.1217432
          ],
          [
            77.5893706,
            13.1217417
          ],
          [
            77.5893219,
            13.1217472
          ],
          [
            77.5892742,
            13.1217586
          ],
          [
            77.5892284,
            13.1217757
          ]
        ]
      }
    },
    {
      "type": "Feature",
      "properties": {
        "highway": "residential"
      },
      "geometry": {
        "type": "LineString",
        "coordinates": [
          [
            77.5838641,
            13.1300621
          ],
          [
            77.5839022,
            13.1297541
          ]
        ]
      }
    },
    {
      "type": "Feature",
      "properties": {
        "highway": "track"
      },
      "geometry": {
        "type": "LineString",
        "coordinates": [
          [
            77.5949335,
            13.1236747
          ],
          [
            77.595,
            13.123581794003243
          ]
        ]
      }
    },
    {
      "type": "Feature",
      "properties": {
        "highway": "track"
      },
      "geometry": {
        "type": "LineString",
        "coordinates": [
          [
            77.59412,
            13.1222882
          ],
          [
            77.5939947,
            13.1219298
          ],
          [
            77.5939625,
            13.1216842
          ],
          [
            77.5937745,
            13.1212973
          ]
        ]
      }
    },
    {
      "type": "Feature",
      "properties": {
        "highway": "track"
      },
      "geometry": {
        "type": "LineString",
        "coordinates": [
          [
            77.5934368,
            13.1213133
          ],
          [
            77.5937745,
            13.1212973
          ],
          [
            77.5940967,
            13.121282
          ],
          [
            77.5942683,
            13.1213029
          ],
          [
            77.5946024,
            13.1212464
          ]
        ]
      }
    },
    {
      "type": "Feature",
      "properties": {
        "highway": "track"
      },
      "geometry": {
        "type": "LineString",
        "coordinates": [
          [
            77.5947887,
            13.121376
          ],
          [
            77.5947779,
            13.1212924
          ],
          [
            77.5943649,
            13.120258
          ]
        ]
      }
    },
    {
      "type": "Feature",
      "properties": {
        "highway": "track"
      },
      "geometry": {
        "type": "LineString",
        "coordinates": [
          [
            77.595,
            13.121885374178666
          ],
          [
            77.5947887,
            13.121376
          ],
          [
            77.5946024,
            13.1212464
          ],
          [
            77.5936621,
            13.1205923
          ],
          [
            77.5933295,
            13.1206759
          ],
          [
            77.5930828,
            13.1204617
          ],
          [
            77.5930452,
            13.1203154
          ],
          [
            77.5936031,
            13.1202319
          ]
        ]
      }
    },
    {
      "type": "Feature",
      "properties": {
        "highway": "service"
      },
      "geometry": {
        "type": "LineString",
        "coordinates": [
          [
            77.5887978,
            13.1262055
          ],
          [
            77.58887,
            13.1261845
          ]
        ]
      }
    },
    {
      "type": "Feature",
      "properties": {
        "highway": "service"
      },
      "geometry": {
        "type": "LineString",
        "coordinates": [
          [
            77.5889522,
            13.1267072
          ],
          [
            77.5887978,
            13.1262055
          ],
          [
            77.5887778,
            13.1261406
          ],
          [
            77.5887415,
            13.1260897
          ],
          [
            77.5886979,
            13.1260446
          ],
          [
            77.5886481,
            13.1260061
          ],
          [
            77.5885929,
            13.1259752
          ],
          [
            77.5885338,
            13.1259525
          ],
          [
            77.5884797,
            13.1259397
          ],
          [
            77.5884245,
            13.1259338
          ],
          [
            77.5883689,
            13.1259348
          ],
          [
            77.5883139,
            13.1259427
          ],
          [
            77.5882604,
            13.1259574
          ],
          [
            77.5882092,
            13.1259786
          ]
        ]
      }
    },
    {
      "type": "Feature",
      "properties": {
        "highway": "service"
      },
      "geometry": {
        "type": "LineString",
        "coordinates": [
          [
            77.5894248,
            13.1259196
          ],
          [
            77.5888422,
            13.1260988
          ],
          [
            77.58887,
            13.1261845
          ],
          [
            77.5888813,
            13.1262193
          ],
          [
            77.5894365,
            13.126051
          ]
        ]
      }
    }
  ]
}